name,slug,types,sprite_url
Abomasnow,abomasnow,"grass,ice",https://raw.githubusercontent.com/PokeAPI/sprites/master/sprites/pokemon/460.png
Abomasnow,abomasnow-mega,"grass,ice",https://raw.githubusercontent.com/PokeAPI/sprites/master/sprites/pokemon/10060.png
Abra,abra,psychic,https://raw.githubusercontent.com/PokeAPI/sprites/master/sprites/pokemon/63.png
Absol,absol,dark,https://raw.githubusercontent.com/PokeAPI/sprites/master/sprites/pokemon/359.png
Absol,absol-mega,dark,https://raw.githubusercontent.com/PokeAPI/sprites/master/sprites/pokemon/10057.png
Absol,absol-mega-z,"dark,ghost",https://raw.githubusercontent.com/PokeAPI/sprites/master/sprites/pokemon/10307.png
Accelgor,accelgor,bug,https://raw.githubusercontent.com/PokeAPI/sprites/master/sprites/pokemon/617.png
Aegislash,aegislash-blade,"steel,ghost",https://raw.githubusercontent.com/PokeAPI/sprites/master/sprites/pokemon/10026.png
Aegislash,aegislash-shield,"steel,ghost",https://raw.githubusercontent.com/PokeAPI/sprites/master/sprites/pokemon/681.png
Aerodactyl,aerodactyl,"rock,flying",https://raw.githubusercontent.com/PokeAPI/sprites/master/sprites/pokemon/142.png
Aerodactyl,aerodactyl-mega,"rock,flying",https://raw.githubusercontent.com/PokeAPI/sprites/master/sprites/pokemon/10042.png
Aggron,aggron,"steel,rock",https://raw.githubusercontent.com/PokeAPI/sprites/master/sprites/pokemon/306.png
Aggron,aggron-mega,steel,https://raw.githubusercontent.com/PokeAPI/sprites/master/sprites/pokemon/10053.png
Aipom,aipom,normal,https://raw.githubusercontent.com/PokeAPI/sprites/master/sprites/pokemon/190.png
Alakazam,alakazam,psychic,https://raw.githubusercontent.com/PokeAPI/sprites/master/sprites/pokemon/65.png
Alakazam,alakazam-mega,psychic,https://raw.githubusercontent.com/PokeAPI/sprites/master/sprites/pokemon/10037.png
Alcremie,alcremie,fairy,https://raw.githubusercontent.com/PokeAPI/sprites/master/sprites/pokemon/869.png
Alcremie,alcremie-gmax,fairy,https://raw.githubusercontent.com/PokeAPI/sprites/master/sprites/pokemon/10223.png
Alomomola,alomomola,water,https://raw.githubusercontent.com/PokeAPI/sprites/master/sprites/pokemon/594.png
Altaria,altaria,"dragon,flying",https://raw.githubusercontent.com/PokeAPI/sprites/master/sprites/pokemon/334.png
Altaria,altaria-mega,"dragon,fairy",https://raw.githubusercontent.com/PokeAPI/sprites/master/sprites/pokemon/10067.png
Amaura,amaura,"rock,ice",https://raw.githubusercontent.com/PokeAPI/sprites/master/sprites/pokemon/698.png
Ambipom,ambipom,normal,https://raw.githubusercontent.com/PokeAPI/sprites/master/sprites/pokemon/424.png
Amoonguss,amoonguss,"grass,poison",https://raw.githubusercontent.com/PokeAPI/sprites/master/sprites/pokemon/591.png
Ampharos,ampharos,electric,https://raw.githubusercontent.com/PokeAPI/sprites/master/sprites/pokemon/181.png
Ampharos,ampharos-mega,"electric,dragon",https://raw.githubusercontent.com/PokeAPI/sprites/master/sprites/pokemon/10045.png
Annihilape,annihilape,"fighting,ghost",https://raw.githubusercontent.com/PokeAPI/sprites/master/sprites/pokemon/979.png
Anorith,anorith,"rock,bug",https://raw.githubusercontent.com/PokeAPI/sprites/master/sprites/pokemon/347.png
Appletun,appletun,"grass,dragon",https://raw.githubusercontent.com/PokeAPI/sprites/master/sprites/pokemon/842.png
Appletun,appletun-gmax,"grass,dragon",https://raw.githubusercontent.com/PokeAPI/sprites/master/sprites/pokemon/10217.png
Applin,applin,"grass,dragon",https://raw.githubusercontent.com/PokeAPI/sprites/master/sprites/pokemon/840.png
Araquanid,araquanid,"water,bug",https://raw.githubusercontent.com/PokeAPI/sprites/master/sprites/pokemon/752.png
Araquanid,araquanid-totem,"water,bug",https://raw.githubusercontent.com/PokeAPI/sprites/master/sprites/pokemon/10153.png
Arbok,arbok,poison,https://raw.githubusercontent.com/PokeAPI/sprites/master/sprites/pokemon/24.png
Arboliva,arboliva,"grass,normal",https://raw.githubusercontent.com/PokeAPI/sprites/master/sprites/pokemon/930.png
Arcanine,arcanine,fire,https://raw.githubusercontent.com/PokeAPI/sprites/master/sprites/pokemon/59.png
Arcanine,arcanine-hisui,"fire,rock",https://raw.githubusercontent.com/PokeAPI/sprites/master/sprites/pokemon/10230.png
Arceus,arceus,normal,https://raw.githubusercontent.com/PokeAPI/sprites/master/sprites/pokemon/493.png
Archaludon,archaludon,"steel,dragon",https://raw.githubusercontent.com/PokeAPI/sprites/master/sprites/pokemon/1018.png
Archen,archen,"rock,flying",https://raw.githubusercontent.com/PokeAPI/sprites/master/sprites/pokemon/566.png
Archeops,archeops,"rock,flying",https://raw.githubusercontent.com/PokeAPI/sprites/master/sprites/pokemon/567.png
Arctibax,arctibax,"dragon,ice",https://raw.githubusercontent.com/PokeAPI/sprites/master/sprites/pokemon/997.png
Arctovish,arctovish,"water,ice",https://raw.githubusercontent.com/PokeAPI/sprites/master/sprites/pokemon/883.png
Arctozolt,arctozolt,"electric,ice",https://raw.githubusercontent.com/PokeAPI/sprites/master/sprites/pokemon/881.png
Ariados,ariados,"bug,poison",https://raw.githubusercontent.com/PokeAPI/sprites/master/sprites/pokemon/168.png
Armaldo,armaldo,"rock,bug",https://raw.githubusercontent.com/PokeAPI/sprites/master/sprites/pokemon/348.png
Armarouge,armarouge,"fire,psychic",https://raw.githubusercontent.com/PokeAPI/sprites/master/sprites/pokemon/936.png
Aromatisse,aromatisse,fairy,https://raw.githubusercontent.com/PokeAPI/sprites/master/sprites/pokemon/683.png
Aron,aron,"steel,rock",https://raw.githubusercontent.com/PokeAPI/sprites/master/sprites/pokemon/304.png
Arrokuda,arrokuda,water,https://raw.githubusercontent.com/PokeAPI/sprites/master/sprites/pokemon/846.png
Articuno,articuno,"ice,flying",https://raw.githubusercontent.com/PokeAPI/sprites/master/sprites/pokemon/144.png
Articuno,articuno-galar,"psychic,flying",https://raw.githubusercontent.com/PokeAPI/sprites/master/sprites/pokemon/10169.png
Audino,audino,normal,https://raw.githubusercontent.com/PokeAPI/sprites/master/sprites/pokemon/531.png
Audino,audino-mega,"normal,fairy",https://raw.githubusercontent.com/PokeAPI/sprites/master/sprites/pokemon/10069.png
Aurorus,aurorus,"rock,ice",https://raw.githubusercontent.com/PokeAPI/sprites/master/sprites/pokemon/699.png
Avalugg,avalugg,ice,https://raw.githubusercontent.com/PokeAPI/sprites/master/sprites/pokemon/713.png
Avalugg,avalugg-hisui,"ice,rock",https://raw.githubusercontent.com/PokeAPI/sprites/master/sprites/pokemon/10243.png
Axew,axew,dragon,https://raw.githubusercontent.com/PokeAPI/sprites/master/sprites/pokemon/610.png
Azelf,azelf,psychic,https://raw.githubusercontent.com/PokeAPI/sprites/master/sprites/pokemon/482.png
Azumarill,azumarill,"water,fairy",https://raw.githubusercontent.com/PokeAPI/sprites/master/sprites/pokemon/184.png
Azurill,azurill,"normal,fairy",https://raw.githubusercontent.com/PokeAPI/sprites/master/sprites/pokemon/298.png
Bagon,bagon,dragon,https://raw.githubusercontent.com/PokeAPI/sprites/master/sprites/pokemon/371.png
Baltoy,baltoy,"ground,psychic",https://raw.githubusercontent.com/PokeAPI/sprites/master/sprites/pokemon/343.png
Banette,banette,ghost,https://raw.githubusercontent.com/PokeAPI/sprites/master/sprites/pokemon/354.png
Banette,banette-mega,ghost,https://raw.githubusercontent.com/PokeAPI/sprites/master/sprites/pokemon/10056.png
Barbaracle,barbaracle,"rock,water",https://raw.githubusercontent.com/PokeAPI/sprites/master/sprites/pokemon/689.png
Barbaracle,barbaracle-mega,"rock,fighting",https://raw.githubusercontent.com/PokeAPI/sprites/master/sprites/pokemon/10298.png
Barboach,barboach,"water,ground",https://raw.githubusercontent.com/PokeAPI/sprites/master/sprites/pokemon/339.png
Barraskewda,barraskewda,water,https://raw.githubusercontent.com/PokeAPI/sprites/master/sprites/pokemon/847.png
Basculegion,basculegion-female,"water,ghost",https://raw.githubusercontent.com/PokeAPI/sprites/master/sprites/pokemon/10248.png
Basculegion,basculegion-male,"water,ghost",https://raw.githubusercontent.com/PokeAPI/sprites/master/sprites/pokemon/902.png
Basculin,basculin-blue-striped,water,https://raw.githubusercontent.com/PokeAPI/sprites/master/sprites/pokemon/10016.png
Basculin,basculin-red-striped,water,https://raw.githubusercontent.com/PokeAPI/sprites/master/sprites/pokemon/550.png
Basculin,basculin-white-striped,water,https://raw.githubusercontent.com/PokeAPI/sprites/master/sprites/pokemon/10247.png
Bastiodon,bastiodon,"rock,steel",https://raw.githubusercontent.com/PokeAPI/sprites/master/sprites/pokemon/411.png
Baxcalibur,baxcalibur,"dragon,ice",https://raw.githubusercontent.com/PokeAPI/sprites/master/sprites/pokemon/998.png
Baxcalibur,baxcalibur-mega,"dragon,ice",https://raw.githubusercontent.com/PokeAPI/sprites/master/sprites/pokemon/10325.png
Bayleef,bayleef,grass,https://raw.githubusercontent.com/PokeAPI/sprites/master/sprites/pokemon/153.png
Beartic,beartic,ice,https://raw.githubusercontent.com/PokeAPI/sprites/master/sprites/pokemon/614.png
Beautifly,beautifly,"bug,flying",https://raw.githubusercontent.com/PokeAPI/sprites/master/sprites/pokemon/267.png
Beedrill,beedrill,"bug,poison",https://raw.githubusercontent.com/PokeAPI/sprites/master/sprites/pokemon/15.png
Beedrill,beedrill-mega,"bug,poison",https://raw.githubusercontent.com/PokeAPI/sprites/master/sprites/pokemon/10090.png
Beheeyem,beheeyem,psychic,https://raw.githubusercontent.com/PokeAPI/sprites/master/sprites/pokemon/606.png
Beldum,beldum,"steel,psychic",https://raw.githubusercontent.com/PokeAPI/sprites/master/sprites/pokemon/374.png
Bellibolt,bellibolt,electric,https://raw.githubusercontent.com/PokeAPI/sprites/master/sprites/pokemon/939.png
Bellossom,bellossom,grass,https://raw.githubusercontent.com/PokeAPI/sprites/master/sprites/pokemon/182.png
Bellsprout,bellsprout,"grass,poison",https://raw.githubusercontent.com/PokeAPI/sprites/master/sprites/pokemon/69.png
Bergmite,bergmite,ice,https://raw.githubusercontent.com/PokeAPI/sprites/master/sprites/pokemon/712.png
Bewear,bewear,"normal,fighting",https://raw.githubusercontent.com/PokeAPI/sprites/master/sprites/pokemon/760.png
Bibarel,bibarel,"normal,water",https://raw.githubusercontent.com/PokeAPI/sprites/master/sprites/pokemon/400.png
Bidoof,bidoof,normal,https://raw.githubusercontent.com/PokeAPI/sprites/master/sprites/pokemon/399.png
Binacle,binacle,"rock,water",https://raw.githubusercontent.com/PokeAPI/sprites/master/sprites/pokemon/688.png
Bisharp,bisharp,"dark,steel",https://raw.githubusercontent.com/PokeAPI/sprites/master/sprites/pokemon/625.png
Blacephalon,blacephalon,"fire,ghost",https://raw.githubusercontent.com/PokeAPI/sprites/master/sprites/pokemon/806.png
Blastoise,blastoise,water,https://raw.githubusercontent.com/PokeAPI/sprites/master/sprites/pokemon/9.png
Blastoise,blastoise-gmax,water,https://raw.githubusercontent.com/PokeAPI/sprites/master/sprites/pokemon/10197.png
Blastoise,blastoise-mega,water,https://raw.githubusercontent.com/PokeAPI/sprites/master/sprites/pokemon/10036.png
Blaziken,blaziken,"fire,fighting",https://raw.githubusercontent.com/PokeAPI/sprites/master/sprites/pokemon/257.png
Blaziken,blaziken-mega,"fire,fighting",https://raw.githubusercontent.com/PokeAPI/sprites/master/sprites/pokemon/10050.png
Blipbug,blipbug,bug,https://raw.githubusercontent.com/PokeAPI/sprites/master/sprites/pokemon/824.png
Blissey,blissey,normal,https://raw.githubusercontent.com/PokeAPI/sprites/master/sprites/pokemon/242.png
Blitzle,blitzle,electric,https://raw.githubusercontent.com/PokeAPI/sprites/master/sprites/pokemon/522.png
Boldore,boldore,rock,https://raw.githubusercontent.com/PokeAPI/sprites/master/sprites/pokemon/525.png
Boltund,boltund,electric,https://raw.githubusercontent.com/PokeAPI/sprites/master/sprites/pokemon/836.png
Bombirdier,bombirdier,"flying,dark",https://raw.githubusercontent.com/PokeAPI/sprites/master/sprites/pokemon/962.png
Bonsly,bonsly,rock,https://raw.githubusercontent.com/PokeAPI/sprites/master/sprites/pokemon/438.png
Bouffalant,bouffalant,normal,https://raw.githubusercontent.com/PokeAPI/sprites/master/sprites/pokemon/626.png
Bounsweet,bounsweet,grass,https://raw.githubusercontent.com/PokeAPI/sprites/master/sprites/pokemon/761.png
Braixen,braixen,fire,https://raw.githubusercontent.com/PokeAPI/sprites/master/sprites/pokemon/654.png
Brambleghast,brambleghast,"grass,ghost",https://raw.githubusercontent.com/PokeAPI/sprites/master/sprites/pokemon/947.png
Bramblin,bramblin,"grass,ghost",https://raw.githubusercontent.com/PokeAPI/sprites/master/sprites/pokemon/946.png
Braviary,braviary,"normal,flying",https://raw.githubusercontent.com/PokeAPI/sprites/master/sprites/pokemon/628.png
Braviary,braviary-hisui,"psychic,flying",https://raw.githubusercontent.com/PokeAPI/sprites/master/sprites/pokemon/10240.png
Breloom,breloom,"grass,fighting",https://raw.githubusercontent.com/PokeAPI/sprites/master/sprites/pokemon/286.png
Brionne,brionne,water,https://raw.githubusercontent.com/PokeAPI/sprites/master/sprites/pokemon/729.png
Bronzong,bronzong,"steel,psychic",https://raw.githubusercontent.com/PokeAPI/sprites/master/sprites/pokemon/437.png
Bronzor,bronzor,"steel,psychic",https://raw.githubusercontent.com/PokeAPI/sprites/master/sprites/pokemon/436.png
Brute Bonnet,brute-bonnet,"grass,dark",https://raw.githubusercontent.com/PokeAPI/sprites/master/sprites/pokemon/986.png
Bruxish,bruxish,"water,psychic",https://raw.githubusercontent.com/PokeAPI/sprites/master/sprites/pokemon/779.png
Budew,budew,"grass,poison",https://raw.githubusercontent.com/PokeAPI/sprites/master/sprites/pokemon/406.png
Buizel,buizel,water,https://raw.githubusercontent.com/PokeAPI/sprites/master/sprites/pokemon/418.png
Bulbasaur,bulbasaur,"grass,poison",https://raw.githubusercontent.com/PokeAPI/sprites/master/sprites/pokemon/1.png
Buneary,buneary,normal,https://raw.githubusercontent.com/PokeAPI/sprites/master/sprites/pokemon/427.png
Bunnelby,bunnelby,normal,https://raw.githubusercontent.com/PokeAPI/sprites/master/sprites/pokemon/659.png
Burmy,burmy,bug,https://raw.githubusercontent.com/PokeAPI/sprites/master/sprites/pokemon/412.png
Butterfree,butterfree,"bug,flying",https://raw.githubusercontent.com/PokeAPI/sprites/master/sprites/pokemon/12.png
Butterfree,butterfree-gmax,"bug,flying",https://raw.githubusercontent.com/PokeAPI/sprites/master/sprites/pokemon/10198.png
Buzzwole,buzzwole,"bug,fighting",https://raw.githubusercontent.com/PokeAPI/sprites/master/sprites/pokemon/794.png
Cacnea,cacnea,grass,https://raw.githubusercontent.com/PokeAPI/sprites/master/sprites/pokemon/331.png
Cacturne,cacturne,"grass,dark",https://raw.githubusercontent.com/PokeAPI/sprites/master/sprites/pokemon/332.png
Calyrex,calyrex,"psychic,grass",https://raw.githubusercontent.com/PokeAPI/sprites/master/sprites/pokemon/898.png
Calyrex,calyrex-ice,"psychic,ice",https://raw.githubusercontent.com/PokeAPI/sprites/master/sprites/pokemon/10193.png
Calyrex,calyrex-shadow,"psychic,ghost",https://raw.githubusercontent.com/PokeAPI/sprites/master/sprites/pokemon/10194.png
Camerupt,camerupt,"fire,ground",https://raw.githubusercontent.com/PokeAPI/sprites/master/sprites/pokemon/323.png
Camerupt,camerupt-mega,"fire,ground",https://raw.githubusercontent.com/PokeAPI/sprites/master/sprites/pokemon/10087.png
Capsakid,capsakid,grass,https://raw.githubusercontent.com/PokeAPI/sprites/master/sprites/pokemon/951.png
Carbink,carbink,"rock,fairy",https://raw.githubusercontent.com/PokeAPI/sprites/master/sprites/pokemon/703.png
Carkol,carkol,"rock,fire",https://raw.githubusercontent.com/PokeAPI/sprites/master/sprites/pokemon/838.png
Carnivine,carnivine,grass,https://raw.githubusercontent.com/PokeAPI/sprites/master/sprites/pokemon/455.png
Carracosta,carracosta,"water,rock",https://raw.githubusercontent.com/PokeAPI/sprites/master/sprites/pokemon/565.png
Carvanha,carvanha,"water,dark",https://raw.githubusercontent.com/PokeAPI/sprites/master/sprites/pokemon/318.png
Cascoon,cascoon,bug,https://raw.githubusercontent.com/PokeAPI/sprites/master/sprites/pokemon/268.png
Castform,castform,normal,https://raw.githubusercontent.com/PokeAPI/sprites/master/sprites/pokemon/351.png
Castform,castform-rainy,water,https://raw.githubusercontent.com/PokeAPI/sprites/master/sprites/pokemon/10014.png
Castform,castform-snowy,ice,https://raw.githubusercontent.com/PokeAPI/sprites/master/sprites/pokemon/10015.png
Castform,castform-sunny,fire,https://raw.githubusercontent.com/PokeAPI/sprites/master/sprites/pokemon/10013.png
Caterpie,caterpie,bug,https://raw.githubusercontent.com/PokeAPI/sprites/master/sprites/pokemon/10.png
Celebi,celebi,"psychic,grass",https://raw.githubusercontent.com/PokeAPI/sprites/master/sprites/pokemon/251.png
Celesteela,celesteela,"steel,flying",https://raw.githubusercontent.com/PokeAPI/sprites/master/sprites/pokemon/797.png
Centiskorch,centiskorch,"fire,bug",https://raw.githubusercontent.com/PokeAPI/sprites/master/sprites/pokemon/851.png
Centiskorch,centiskorch-gmax,"fire,bug",https://raw.githubusercontent.com/PokeAPI/sprites/master/sprites/pokemon/10220.png
Ceruledge,ceruledge,"fire,ghost",https://raw.githubusercontent.com/PokeAPI/sprites/master/sprites/pokemon/937.png
Cetitan,cetitan,ice,https://raw.githubusercontent.com/PokeAPI/sprites/master/sprites/pokemon/975.png
Cetoddle,cetoddle,ice,https://raw.githubusercontent.com/PokeAPI/sprites/master/sprites/pokemon/974.png
Chandelure,chandelure,"ghost,fire",https://raw.githubusercontent.com/PokeAPI/sprites/master/sprites/pokemon/609.png
Chandelure,chandelure-mega,"ghost,fire",https://raw.githubusercontent.com/PokeAPI/sprites/master/sprites/pokemon/10291.png
Chansey,chansey,normal,https://raw.githubusercontent.com/PokeAPI/sprites/master/sprites/pokemon/113.png
Charcadet,charcadet,fire,https://raw.githubusercontent.com/PokeAPI/sprites/master/sprites/pokemon/935.png
Charizard,charizard,"fire,flying",https://raw.githubusercontent.com/PokeAPI/sprites/master/sprites/pokemon/6.png
Charizard,charizard-gmax,"fire,flying",https://raw.githubusercontent.com/PokeAPI/sprites/master/sprites/pokemon/10196.png
Charizard,charizard-mega-x,"fire,dragon",https://raw.githubusercontent.com/PokeAPI/sprites/master/sprites/pokemon/10034.png
Charizard,charizard-mega-y,"fire,flying",https://raw.githubusercontent.com/PokeAPI/sprites/master/sprites/pokemon/10035.png
Charjabug,charjabug,"bug,electric",https://raw.githubusercontent.com/PokeAPI/sprites/master/sprites/pokemon/737.png
Charmander,charmander,fire,https://raw.githubusercontent.com/PokeAPI/sprites/master/sprites/pokemon/4.png
Charmeleon,charmeleon,fire,https://raw.githubusercontent.com/PokeAPI/sprites/master/sprites/pokemon/5.png
Chatot,chatot,"normal,flying",https://raw.githubusercontent.com/PokeAPI/sprites/master/sprites/pokemon/441.png
Cherrim,cherrim,grass,https://raw.githubusercontent.com/PokeAPI/sprites/master/sprites/pokemon/421.png
Cherubi,cherubi,grass,https://raw.githubusercontent.com/PokeAPI/sprites/master/sprites/pokemon/420.png
Chesnaught,chesnaught,"grass,fighting",https://raw.githubusercontent.com/PokeAPI/sprites/master/sprites/pokemon/652.png
Chesnaught,chesnaught-mega,"grass,fighting",https://raw.githubusercontent.com/PokeAPI/sprites/master/sprites/pokemon/10292.png
Chespin,chespin,grass,https://raw.githubusercontent.com/PokeAPI/sprites/master/sprites/pokemon/650.png
Chewtle,chewtle,water,https://raw.githubusercontent.com/PokeAPI/sprites/master/sprites/pokemon/833.png
Chi-Yu,chi-yu,"dark,fire",https://raw.githubusercontent.com/PokeAPI/sprites/master/sprites/pokemon/1004.png
Chien-Pao,chien-pao,"dark,ice",https://raw.githubusercontent.com/PokeAPI/sprites/master/sprites/pokemon/1002.png
Chikorita,chikorita,grass,https://raw.githubusercontent.com/PokeAPI/sprites/master/sprites/pokemon/152.png
Chimchar,chimchar,fire,https://raw.githubusercontent.com/PokeAPI/sprites/master/sprites/pokemon/390.png
Chimecho,chimecho,psychic,https://raw.githubusercontent.com/PokeAPI/sprites/master/sprites/pokemon/358.png
Chimecho,chimecho-mega,"psychic,steel",https://raw.githubusercontent.com/PokeAPI/sprites/master/sprites/pokemon/10306.png
Chinchou,chinchou,"water,electric",https://raw.githubusercontent.com/PokeAPI/sprites/master/sprites/pokemon/170.png
Chingling,chingling,psychic,https://raw.githubusercontent.com/PokeAPI/sprites/master/sprites/pokemon/433.png
Cinccino,cinccino,normal,https://raw.githubusercontent.com/PokeAPI/sprites/master/sprites/pokemon/573.png
Cinderace,cinderace,fire,https://raw.githubusercontent.com/PokeAPI/sprites/master/sprites/pokemon/815.png
Cinderace,cinderace-gmax,fire,https://raw.githubusercontent.com/PokeAPI/sprites/master/sprites/pokemon/10210.png
Clamperl,clamperl,water,https://raw.githubusercontent.com/PokeAPI/sprites/master/sprites/pokemon/366.png
Clauncher,clauncher,water,https://raw.githubusercontent.com/PokeAPI/sprites/master/sprites/pokemon/692.png
Clawitzer,clawitzer,water,https://raw.githubusercontent.com/PokeAPI/sprites/master/sprites/pokemon/693.png
Claydol,claydol,"ground,psychic",https://raw.githubusercontent.com/PokeAPI/sprites/master/sprites/pokemon/344.png
Clefable,clefable,fairy,https://raw.githubusercontent.com/PokeAPI/sprites/master/sprites/pokemon/36.png
Clefable,clefable-mega,"fairy,flying",https://raw.githubusercontent.com/PokeAPI/sprites/master/sprites/pokemon/10278.png
Clefairy,clefairy,fairy,https://raw.githubusercontent.com/PokeAPI/sprites/master/sprites/pokemon/35.png
Cleffa,cleffa,fairy,https://raw.githubusercontent.com/PokeAPI/sprites/master/sprites/pokemon/173.png
Clobbopus,clobbopus,fighting,https://raw.githubusercontent.com/PokeAPI/sprites/master/sprites/pokemon/852.png
Clodsire,clodsire,"poison,ground",https://raw.githubusercontent.com/PokeAPI/sprites/master/sprites/pokemon/980.png
Cloyster,cloyster,"water,ice",https://raw.githubusercontent.com/PokeAPI/sprites/master/sprites/pokemon/91.png
Coalossal,coalossal,"rock,fire",https://raw.githubusercontent.com/PokeAPI/sprites/master/sprites/pokemon/839.png
Coalossal,coalossal-gmax,"rock,fire",https://raw.githubusercontent.com/PokeAPI/sprites/master/sprites/pokemon/10215.png
Cobalion,cobalion,"steel,fighting",https://raw.githubusercontent.com/PokeAPI/sprites/master/sprites/pokemon/638.png
Cofagrigus,cofagrigus,ghost,https://raw.githubusercontent.com/PokeAPI/sprites/master/sprites/pokemon/563.png
Combee,combee,"bug,flying",https://raw.githubusercontent.com/PokeAPI/sprites/master/sprites/pokemon/415.png
Combusken,combusken,"fire,fighting",https://raw.githubusercontent.com/PokeAPI/sprites/master/sprites/pokemon/256.png
Comfey,comfey,fairy,https://raw.githubusercontent.com/PokeAPI/sprites/master/sprites/pokemon/764.png
Conkeldurr,conkeldurr,fighting,https://raw.githubusercontent.com/PokeAPI/sprites/master/sprites/pokemon/534.png
Copperajah,copperajah,steel,https://raw.githubusercontent.com/PokeAPI/sprites/master/sprites/pokemon/879.png
Copperajah,copperajah-gmax,steel,https://raw.githubusercontent.com/PokeAPI/sprites/master/sprites/pokemon/10224.png
Corphish,corphish,water,https://raw.githubusercontent.com/PokeAPI/sprites/master/sprites/pokemon/341.png
Corsola,corsola,"water,rock",https://raw.githubusercontent.com/PokeAPI/sprites/master/sprites/pokemon/222.png
Corsola,corsola-galar,ghost,https://raw.githubusercontent.com/PokeAPI/sprites/master/sprites/pokemon/10173.png
Corviknight,corviknight,"flying,steel",https://raw.githubusercontent.com/PokeAPI/sprites/master/sprites/pokemon/823.png
Corviknight,corviknight-gmax,"flying,steel",https://raw.githubusercontent.com/PokeAPI/sprites/master/sprites/pokemon/10212.png
Corvisquire,corvisquire,flying,https://raw.githubusercontent.com/PokeAPI/sprites/master/sprites/pokemon/822.png
Cosmoem,cosmoem,psychic,https://raw.githubusercontent.com/PokeAPI/sprites/master/sprites/pokemon/790.png
Cosmog,cosmog,psychic,https://raw.githubusercontent.com/PokeAPI/sprites/master/sprites/pokemon/789.png
Cottonee,cottonee,"grass,fairy",https://raw.githubusercontent.com/PokeAPI/sprites/master/sprites/pokemon/546.png
Crabominable,crabominable,"fighting,ice",https://raw.githubusercontent.com/PokeAPI/sprites/master/sprites/pokemon/740.png
Crabominable,crabominable-mega,"fighting,ice",https://raw.githubusercontent.com/PokeAPI/sprites/master/sprites/pokemon/10315.png
Crabrawler,crabrawler,fighting,https://raw.githubusercontent.com/PokeAPI/sprites/master/sprites/pokemon/739.png
Cradily,cradily,"rock,grass",https://raw.githubusercontent.com/PokeAPI/sprites/master/sprites/pokemon/346.png
Cramorant,cramorant,"flying,water",https://raw.githubusercontent.com/PokeAPI/sprites/master/sprites/pokemon/845.png
Cramorant,cramorant-gorging,"flying,water",https://raw.githubusercontent.com/PokeAPI/sprites/master/sprites/pokemon/10183.png
Cramorant,cramorant-gulping,"flying,water",https://raw.githubusercontent.com/PokeAPI/sprites/master/sprites/pokemon/10182.png
Cranidos,cranidos,rock,https://raw.githubusercontent.com/PokeAPI/sprites/master/sprites/pokemon/408.png
Crawdaunt,crawdaunt,"water,dark",https://raw.githubusercontent.com/PokeAPI/sprites/master/sprites/pokemon/342.png
Cresselia,cresselia,psychic,https://raw.githubusercontent.com/PokeAPI/sprites/master/sprites/pokemon/488.png
Croagunk,croagunk,"poison,fighting",https://raw.githubusercontent.com/PokeAPI/sprites/master/sprites/pokemon/453.png
Crobat,crobat,"poison,flying",https://raw.githubusercontent.com/PokeAPI/sprites/master/sprites/pokemon/169.png
Crocalor,crocalor,fire,https://raw.githubusercontent.com/PokeAPI/sprites/master/sprites/pokemon/910.png
Croconaw,croconaw,water,https://raw.githubusercontent.com/PokeAPI/sprites/master/sprites/pokemon/159.png
Crustle,crustle,"bug,rock",https://raw.githubusercontent.com/PokeAPI/sprites/master/sprites/pokemon/558.png
Cryogonal,cryogonal,ice,https://raw.githubusercontent.com/PokeAPI/sprites/master/sprites/pokemon/615.png
Cubchoo,cubchoo,ice,https://raw.githubusercontent.com/PokeAPI/sprites/master/sprites/pokemon/613.png
Cubone,cubone,ground,https://raw.githubusercontent.com/PokeAPI/sprites/master/sprites/pokemon/104.png
Cufant,cufant,steel,https://raw.githubusercontent.com/PokeAPI/sprites/master/sprites/pokemon/878.png
Cursola,cursola,ghost,https://raw.githubusercontent.com/PokeAPI/sprites/master/sprites/pokemon/864.png
Cutiefly,cutiefly,"bug,fairy",https://raw.githubusercontent.com/PokeAPI/sprites/master/sprites/pokemon/742.png
Cyclizar,cyclizar,"dragon,normal",https://raw.githubusercontent.com/PokeAPI/sprites/master/sprites/pokemon/967.png
Cyndaquil,cyndaquil,fire,https://raw.githubusercontent.com/PokeAPI/sprites/master/sprites/pokemon/155.png
Dachsbun,dachsbun,fairy,https://raw.githubusercontent.com/PokeAPI/sprites/master/sprites/pokemon/927.png
Darkrai,darkrai,dark,https://raw.githubusercontent.com/PokeAPI/sprites/master/sprites/pokemon/491.png
Darkrai,darkrai-mega,dark,https://raw.githubusercontent.com/PokeAPI/sprites/master/sprites/pokemon/10312.png
Darmanitan,darmanitan-galar-standard,ice,https://raw.githubusercontent.com/PokeAPI/sprites/master/sprites/pokemon/10177.png
Darmanitan,darmanitan-galar-zen,"ice,fire",https://raw.githubusercontent.com/PokeAPI/sprites/master/sprites/pokemon/10178.png
Darmanitan,darmanitan-standard,fire,https://raw.githubusercontent.com/PokeAPI/sprites/master/sprites/pokemon/555.png
Darmanitan,darmanitan-zen,"fire,psychic",https://raw.githubusercontent.com/PokeAPI/sprites/master/sprites/pokemon/10017.png
Dartrix,dartrix,"grass,flying",https://raw.githubusercontent.com/PokeAPI/sprites/master/sprites/pokemon/723.png
Darumaka,darumaka,fire,https://raw.githubusercontent.com/PokeAPI/sprites/master/sprites/pokemon/554.png
Darumaka,darumaka-galar,ice,https://raw.githubusercontent.com/PokeAPI/sprites/master/sprites/pokemon/10176.png
Decidueye,decidueye,"grass,ghost",https://raw.githubusercontent.com/PokeAPI/sprites/master/sprites/pokemon/724.png
Decidueye,decidueye-hisui,"grass,fighting",https://raw.githubusercontent.com/PokeAPI/sprites/master/sprites/pokemon/10244.png
Dedenne,dedenne,"electric,fairy",https://raw.githubusercontent.com/PokeAPI/sprites/master/sprites/pokemon/702.png
Deerling,deerling,"normal,grass",https://raw.githubusercontent.com/PokeAPI/sprites/master/sprites/pokemon/585.png
Deino,deino,"dark,dragon",https://raw.githubusercontent.com/PokeAPI/sprites/master/sprites/pokemon/633.png
Delcatty,delcatty,normal,https://raw.githubusercontent.com/PokeAPI/sprites/master/sprites/pokemon/301.png
Delibird,delibird,"ice,flying",https://raw.githubusercontent.com/PokeAPI/sprites/master/sprites/pokemon/225.png
Delphox,delphox,"fire,psychic",https://raw.githubusercontent.com/PokeAPI/sprites/master/sprites/pokemon/655.png
Delphox,delphox-mega,"fire,psychic",https://raw.githubusercontent.com/PokeAPI/sprites/master/sprites/pokemon/10293.png
Deoxys,deoxys-attack,psychic,https://raw.githubusercontent.com/PokeAPI/sprites/master/sprites/pokemon/10001.png
Deoxys,deoxys-defense,psychic,https://raw.githubusercontent.com/PokeAPI/sprites/master/sprites/pokemon/10002.png
Deoxys,deoxys-normal,psychic,https://raw.githubusercontent.com/PokeAPI/sprites/master/sprites/pokemon/386.png
Deoxys,deoxys-speed,psychic,https://raw.githubusercontent.com/PokeAPI/sprites/master/sprites/pokemon/10003.png
Dewgong,dewgong,"water,ice",https://raw.githubusercontent.com/PokeAPI/sprites/master/sprites/pokemon/87.png
Dewott,dewott,water,https://raw.githubusercontent.com/PokeAPI/sprites/master/sprites/pokemon/502.png
Dewpider,dewpider,"water,bug",https://raw.githubusercontent.com/PokeAPI/sprites/master/sprites/pokemon/751.png
Dhelmise,dhelmise,"ghost,grass",https://raw.githubusercontent.com/PokeAPI/sprites/master/sprites/pokemon/781.png
Dialga,dialga,"steel,dragon",https://raw.githubusercontent.com/PokeAPI/sprites/master/sprites/pokemon/483.png
Dialga,dialga-origin,"steel,dragon",https://raw.githubusercontent.com/PokeAPI/sprites/master/sprites/pokemon/10245.png
Diancie,diancie,"rock,fairy",https://raw.githubusercontent.com/PokeAPI/sprites/master/sprites/pokemon/719.png
Diancie,diancie-mega,"rock,fairy",https://raw.githubusercontent.com/PokeAPI/sprites/master/sprites/pokemon/10075.png
Diggersby,diggersby,"normal,ground",https://raw.githubusercontent.com/PokeAPI/sprites/master/sprites/pokemon/660.png
Diglett,diglett,ground,https://raw.githubusercontent.com/PokeAPI/sprites/master/sprites/pokemon/50.png
Diglett,diglett-alola,"ground,steel",https://raw.githubusercontent.com/PokeAPI/sprites/master/sprites/pokemon/10105.png
Dipplin,dipplin,"grass,dragon",https://raw.githubusercontent.com/PokeAPI/sprites/master/sprites/pokemon/1011.png
Ditto,ditto,normal,https://raw.githubusercontent.com/PokeAPI/sprites/master/sprites/pokemon/132.png
Dodrio,dodrio,"normal,flying",https://raw.githubusercontent.com/PokeAPI/sprites/master/sprites/pokemon/85.png
Doduo,doduo,"normal,flying",https://raw.githubusercontent.com/PokeAPI/sprites/master/sprites/pokemon/84.png
Dolliv,dolliv,"grass,normal",https://raw.githubusercontent.com/PokeAPI/sprites/master/sprites/pokemon/929.png
Dondozo,dondozo,water,https://raw.githubusercontent.com/PokeAPI/sprites/master/sprites/pokemon/977.png
Donphan,donphan,ground,https://raw.githubusercontent.com/PokeAPI/sprites/master/sprites/pokemon/232.png
Dottler,dottler,"bug,psychic",https://raw.githubusercontent.com/PokeAPI/sprites/master/sprites/pokemon/825.png
Doublade,doublade,"steel,ghost",https://raw.githubusercontent.com/PokeAPI/sprites/master/sprites/pokemon/680.png
Dracovish,dracovish,"water,dragon",https://raw.githubusercontent.com/PokeAPI/sprites/master/sprites/pokemon/882.png
Dracozolt,dracozolt,"electric,dragon",https://raw.githubusercontent.com/PokeAPI/sprites/master/sprites/pokemon/880.png
Dragalge,dragalge,"poison,dragon",https://raw.githubusercontent.com/PokeAPI/sprites/master/sprites/pokemon/691.png
Dragalge,dragalge-mega,"poison,dragon",https://raw.githubusercontent.com/PokeAPI/sprites/master/sprites/pokemon/10299.png
Dragapult,dragapult,"dragon,ghost",https://raw.githubusercontent.com/PokeAPI/sprites/master/sprites/pokemon/887.png
Dragonair,dragonair,dragon,https://raw.githubusercontent.com/PokeAPI/sprites/master/sprites/pokemon/148.png
Dragonite,dragonite,"dragon,flying",https://raw.githubusercontent.com/PokeAPI/sprites/master/sprites/pokemon/149.png
Dragonite,dragonite-mega,"dragon,flying",https://raw.githubusercontent.com/PokeAPI/sprites/master/sprites/pokemon/10281.png
Drakloak,drakloak,"dragon,ghost",https://raw.githubusercontent.com/PokeAPI/sprites/master/sprites/pokemon/886.png
Drampa,drampa,"normal,dragon",https://raw.githubusercontent.com/PokeAPI/sprites/master/sprites/pokemon/780.png
Drampa,drampa-mega,"normal,dragon",https://raw.githubusercontent.com/PokeAPI/sprites/master/sprites/pokemon/10302.png
Drapion,drapion,"poison,dark",https://raw.githubusercontent.com/PokeAPI/sprites/master/sprites/pokemon/452.png
Dratini,dratini,dragon,https://raw.githubusercontent.com/PokeAPI/sprites/master/sprites/pokemon/147.png
Drednaw,drednaw,"water,rock",https://raw.githubusercontent.com/PokeAPI/sprites/master/sprites/pokemon/834.png
Drednaw,drednaw-gmax,"water,rock",https://raw.githubusercontent.com/PokeAPI/sprites/master/sprites/pokemon/10214.png
Dreepy,dreepy,"dragon,ghost",https://raw.githubusercontent.com/PokeAPI/sprites/master/sprites/pokemon/885.png
Drifblim,drifblim,"ghost,flying",https://raw.githubusercontent.com/PokeAPI/sprites/master/sprites/pokemon/426.png
Drifloon,drifloon,"ghost,flying",https://raw.githubusercontent.com/PokeAPI/sprites/master/sprites/pokemon/425.png
Drilbur,drilbur,ground,https://raw.githubusercontent.com/PokeAPI/sprites/master/sprites/pokemon/529.png
Drizzile,drizzile,water,https://raw.githubusercontent.com/PokeAPI/sprites/master/sprites/pokemon/817.png
Drowzee,drowzee,psychic,https://raw.githubusercontent.com/PokeAPI/sprites/master/sprites/pokemon/96.png
Druddigon,druddigon,dragon,https://raw.githubusercontent.com/PokeAPI/sprites/master/sprites/pokemon/621.png
Dubwool,dubwool,normal,https://raw.githubusercontent.com/PokeAPI/sprites/master/sprites/pokemon/832.png
Ducklett,ducklett,"water,flying",https://raw.githubusercontent.com/PokeAPI/sprites/master/sprites/pokemon/580.png
Dudunsparce,dudunsparce-three-segment,normal,https://raw.githubusercontent.com/PokeAPI/sprites/master/sprites/pokemon/10255.png
Dudunsparce,dudunsparce-two-segment,normal,https://raw.githubusercontent.com/PokeAPI/sprites/master/sprites/pokemon/982.png
Dugtrio,dugtrio,ground,https://raw.githubusercontent.com/PokeAPI/sprites/master/sprites/pokemon/51.png
Dugtrio,dugtrio-alola,"ground,steel",https://raw.githubusercontent.com/PokeAPI/sprites/master/sprites/pokemon/10106.png
Dunsparce,dunsparce,normal,https://raw.githubusercontent.com/PokeAPI/sprites/master/sprites/pokemon/206.png
Duosion,duosion,psychic,https://raw.githubusercontent.com/PokeAPI/sprites/master/sprites/pokemon/578.png
Duraludon,duraludon,"steel,dragon",https://raw.githubusercontent.com/PokeAPI/sprites/master/sprites/pokemon/884.png
Duraludon,duraludon-gmax,"steel,dragon",https://raw.githubusercontent.com/PokeAPI/sprites/master/sprites/pokemon/10225.png
Durant,durant,"bug,steel",https://raw.githubusercontent.com/PokeAPI/sprites/master/sprites/pokemon/632.png
Dusclops,dusclops,ghost,https://raw.githubusercontent.com/PokeAPI/sprites/master/sprites/pokemon/356.png
Dusknoir,dusknoir,ghost,https://raw.githubusercontent.com/PokeAPI/sprites/master/sprites/pokemon/477.png
Duskull,duskull,ghost,https://raw.githubusercontent.com/PokeAPI/sprites/master/sprites/pokemon/355.png
Dustox,dustox,"bug,poison",https://raw.githubusercontent.com/PokeAPI/sprites/master/sprites/pokemon/269.png
Dwebble,dwebble,"bug,rock",https://raw.githubusercontent.com/PokeAPI/sprites/master/sprites/pokemon/557.png
Eelektrik,eelektrik,electric,https://raw.githubusercontent.com/PokeAPI/sprites/master/sprites/pokemon/603.png
Eelektross,eelektross,electric,https://raw.githubusercontent.com/PokeAPI/sprites/master/sprites/pokemon/604.png
Eelektross,eelektross-mega,electric,https://raw.githubusercontent.com/PokeAPI/sprites/master/sprites/pokemon/10290.png
Eevee,eevee,normal,https://raw.githubusercontent.com/PokeAPI/sprites/master/sprites/pokemon/133.png
Eevee,eevee-gmax,normal,https://raw.githubusercontent.com/PokeAPI/sprites/master/sprites/pokemon/10205.png
Eevee,eevee-starter,normal,https://raw.githubusercontent.com/PokeAPI/sprites/master/sprites/pokemon/10159.png
Eiscue,eiscue-ice,ice,https://raw.githubusercontent.com/PokeAPI/sprites/master/sprites/pokemon/875.png
Eiscue,eiscue-noice,ice,https://raw.githubusercontent.com/PokeAPI/sprites/master/sprites/pokemon/10185.png
Ekans,ekans,poison,https://raw.githubusercontent.com/PokeAPI/sprites/master/sprites/pokemon/23.png
Eldegoss,eldegoss,grass,https://raw.githubusercontent.com/PokeAPI/sprites/master/sprites/pokemon/830.png
Electabuzz,electabuzz,electric,https://raw.githubusercontent.com/PokeAPI/sprites/master/sprites/pokemon/125.png
Electivire,electivire,electric,https://raw.githubusercontent.com/PokeAPI/sprites/master/sprites/pokemon/466.png
Electrike,electrike,electric,https://raw.githubusercontent.com/PokeAPI/sprites/master/sprites/pokemon/309.png
Electrode,electrode,electric,https://raw.githubusercontent.com/PokeAPI/sprites/master/sprites/pokemon/101.png
Electrode,electrode-hisui,"electric,grass",https://raw.githubusercontent.com/PokeAPI/sprites/master/sprites/pokemon/10232.png
Elekid,elekid,electric,https://raw.githubusercontent.com/PokeAPI/sprites/master/sprites/pokemon/239.png
Elgyem,elgyem,psychic,https://raw.githubusercontent.com/PokeAPI/sprites/master/sprites/pokemon/605.png
Emboar,emboar,"fire,fighting",https://raw.githubusercontent.com/PokeAPI/sprites/master/sprites/pokemon/500.png
Emboar,emboar-mega,"fire,fighting",https://raw.githubusercontent.com/PokeAPI/sprites/master/sprites/pokemon/10286.png
Emolga,emolga,"electric,flying",https://raw.githubusercontent.com/PokeAPI/sprites/master/sprites/pokemon/587.png
Empoleon,empoleon,"water,steel",https://raw.githubusercontent.com/PokeAPI/sprites/master/sprites/pokemon/395.png
Enamorus,enamorus-incarnate,"fairy,flying",https://raw.githubusercontent.com/PokeAPI/sprites/master/sprites/pokemon/905.png
Enamorus,enamorus-therian,"fairy,flying",https://raw.githubusercontent.com/PokeAPI/sprites/master/sprites/pokemon/10249.png
Entei,entei,fire,https://raw.githubusercontent.com/PokeAPI/sprites/master/sprites/pokemon/244.png
Escavalier,escavalier,"bug,steel",https://raw.githubusercontent.com/PokeAPI/sprites/master/sprites/pokemon/589.png
Espathra,espathra,psychic,https://raw.githubusercontent.com/PokeAPI/sprites/master/sprites/pokemon/956.png
Espeon,espeon,psychic,https://raw.githubusercontent.com/PokeAPI/sprites/master/sprites/pokemon/196.png
Espurr,espurr,psychic,https://raw.githubusercontent.com/PokeAPI/sprites/master/sprites/pokemon/677.png
Eternatus,eternatus,"poison,dragon",https://raw.githubusercontent.com/PokeAPI/sprites/master/sprites/pokemon/890.png
Eternatus,eternatus-eternamax,"poison,dragon",https://raw.githubusercontent.com/PokeAPI/sprites/master/sprites/pokemon/10190.png
Excadrill,excadrill,"ground,steel",https://raw.githubusercontent.com/PokeAPI/sprites/master/sprites/pokemon/530.png
Excadrill,excadrill-mega,"ground,steel",https://raw.githubusercontent.com/PokeAPI/sprites/master/sprites/pokemon/10287.png
Exeggcute,exeggcute,"grass,psychic",https://raw.githubusercontent.com/PokeAPI/sprites/master/sprites/pokemon/102.png
Exeggutor,exeggutor,"grass,psychic",https://raw.githubusercontent.com/PokeAPI/sprites/master/sprites/pokemon/103.png
Exeggutor,exeggutor-alola,"grass,dragon",https://raw.githubusercontent.com/PokeAPI/sprites/master/sprites/pokemon/10114.png
Exploud,exploud,normal,https://raw.githubusercontent.com/PokeAPI/sprites/master/sprites/pokemon/295.png
Falinks,falinks,fighting,https://raw.githubusercontent.com/PokeAPI/sprites/master/sprites/pokemon/870.png
Falinks,falinks-mega,fighting,https://raw.githubusercontent.com/PokeAPI/sprites/master/sprites/pokemon/10303.png
Farfetch’d,farfetchd,"normal,flying",https://raw.githubusercontent.com/PokeAPI/sprites/master/sprites/pokemon/83.png
Farfetch’d,farfetchd-galar,fighting,https://raw.githubusercontent.com/PokeAPI/sprites/master/sprites/pokemon/10166.png
Farigiraf,farigiraf,"normal,psychic",https://raw.githubusercontent.com/PokeAPI/sprites/master/sprites/pokemon/981.png
Fearow,fearow,"normal,flying",https://raw.githubusercontent.com/PokeAPI/sprites/master/sprites/pokemon/22.png
Feebas,feebas,water,https://raw.githubusercontent.com/PokeAPI/sprites/master/sprites/pokemon/349.png
Fennekin,fennekin,fire,https://raw.githubusercontent.com/PokeAPI/sprites/master/sprites/pokemon/653.png
Feraligatr,feraligatr,water,https://raw.githubusercontent.com/PokeAPI/sprites/master/sprites/pokemon/160.png
Feraligatr,feraligatr-mega,"water,dragon",https://raw.githubusercontent.com/PokeAPI/sprites/master/sprites/pokemon/10283.png
Ferroseed,ferroseed,"grass,steel",https://raw.githubusercontent.com/PokeAPI/sprites/master/sprites/pokemon/597.png
Ferrothorn,ferrothorn,"grass,steel",https://raw.githubusercontent.com/PokeAPI/sprites/master/sprites/pokemon/598.png
Fezandipiti,fezandipiti,"poison,fairy",https://raw.githubusercontent.com/PokeAPI/sprites/master/sprites/pokemon/1016.png
Fidough,fidough,fairy,https://raw.githubusercontent.com/PokeAPI/sprites/master/sprites/pokemon/926.png
Finizen,finizen,water,https://raw.githubusercontent.com/PokeAPI/sprites/master/sprites/pokemon/963.png
Finneon,finneon,water,https://raw.githubusercontent.com/PokeAPI/sprites/master/sprites/pokemon/456.png
Flaaffy,flaaffy,electric,https://raw.githubusercontent.com/PokeAPI/sprites/master/sprites/pokemon/180.png
Flabébé,flabebe,fairy,https://raw.githubusercontent.com/PokeAPI/sprites/master/sprites/pokemon/669.png
Flamigo,flamigo,"flying,fighting",https://raw.githubusercontent.com/PokeAPI/sprites/master/sprites/pokemon/973.png
Flapple,flapple,"grass,dragon",https://raw.githubusercontent.com/PokeAPI/sprites/master/sprites/pokemon/841.png
Flapple,flapple-gmax,"grass,dragon",https://raw.githubusercontent.com/PokeAPI/sprites/master/sprites/pokemon/10216.png
Flareon,flareon,fire,https://raw.githubusercontent.com/PokeAPI/sprites/master/sprites/pokemon/136.png
Fletchinder,fletchinder,"fire,flying",https://raw.githubusercontent.com/PokeAPI/sprites/master/sprites/pokemon/662.png
Fletchling,fletchling,"normal,flying",https://raw.githubusercontent.com/PokeAPI/sprites/master/sprites/pokemon/661.png
Flittle,flittle,psychic,https://raw.githubusercontent.com/PokeAPI/sprites/master/sprites/pokemon/955.png
Floatzel,floatzel,water,https://raw.githubusercontent.com/PokeAPI/sprites/master/sprites/pokemon/419.png
Floette,floette,fairy,https://raw.githubusercontent.com/PokeAPI/sprites/master/sprites/pokemon/670.png
Floette,floette-eternal,fairy,https://raw.githubusercontent.com/PokeAPI/sprites/master/sprites/pokemon/10061.png
Floette,floette-mega,fairy,https://raw.githubusercontent.com/PokeAPI/sprites/master/sprites/pokemon/10296.png
Floragato,floragato,grass,https://raw.githubusercontent.com/PokeAPI/sprites/master/sprites/pokemon/907.png
Florges,florges,fairy,https://raw.githubusercontent.com/PokeAPI/sprites/master/sprites/pokemon/671.png
Flutter Mane,flutter-mane,"ghost,fairy",https://raw.githubusercontent.com/PokeAPI/sprites/master/sprites/pokemon/987.png
Flygon,flygon,"ground,dragon",https://raw.githubusercontent.com/PokeAPI/sprites/master/sprites/pokemon/330.png
Fomantis,fomantis,grass,https://raw.githubusercontent.com/PokeAPI/sprites/master/sprites/pokemon/753.png
Foongus,foongus,"grass,poison",https://raw.githubusercontent.com/PokeAPI/sprites/master/sprites/pokemon/590.png
Forretress,forretress,"bug,steel",https://raw.githubusercontent.com/PokeAPI/sprites/master/sprites/pokemon/205.png
Fraxure,fraxure,dragon,https://raw.githubusercontent.com/PokeAPI/sprites/master/sprites/pokemon/611.png
Frigibax,frigibax,"dragon,ice",https://raw.githubusercontent.com/PokeAPI/sprites/master/sprites/pokemon/996.png
Frillish,frillish-male,"water,ghost",https://raw.githubusercontent.com/PokeAPI/sprites/master/sprites/pokemon/592.png
Froakie,froakie,water,https://raw.githubusercontent.com/PokeAPI/sprites/master/sprites/pokemon/656.png
Frogadier,frogadier,water,https://raw.githubusercontent.com/PokeAPI/sprites/master/sprites/pokemon/657.png
Froslass,froslass,"ice,ghost",https://raw.githubusercontent.com/PokeAPI/sprites/master/sprites/pokemon/478.png
Froslass,froslass-mega,"ice,ghost",https://raw.githubusercontent.com/PokeAPI/sprites/master/sprites/pokemon/10285.png
Frosmoth,frosmoth,"ice,bug",https://raw.githubusercontent.com/PokeAPI/sprites/master/sprites/pokemon/873.png
Fuecoco,fuecoco,fire,https://raw.githubusercontent.com/PokeAPI/sprites/master/sprites/pokemon/909.png
Furfrou,furfrou,normal,https://raw.githubusercontent.com/PokeAPI/sprites/master/sprites/pokemon/676.png
Furret,furret,normal,https://raw.githubusercontent.com/PokeAPI/sprites/master/sprites/pokemon/162.png
Gabite,gabite,"dragon,ground",https://raw.githubusercontent.com/PokeAPI/sprites/master/sprites/pokemon/444.png
Gallade,gallade,"psychic,fighting",https://raw.githubusercontent.com/PokeAPI/sprites/master/sprites/pokemon/475.png
Gallade,gallade-mega,"psychic,fighting",https://raw.githubusercontent.com/PokeAPI/sprites/master/sprites/pokemon/10068.png
Galvantula,galvantula,"bug,electric",https://raw.githubusercontent.com/PokeAPI/sprites/master/sprites/pokemon/596.png
Garbodor,garbodor,poison,https://raw.githubusercontent.com/PokeAPI/sprites/master/sprites/pokemon/569.png
Garbodor,garbodor-gmax,poison,https://raw.githubusercontent.com/PokeAPI/sprites/master/sprites/pokemon/10207.png
Garchomp,garchomp,"dragon,ground",https://raw.githubusercontent.com/PokeAPI/sprites/master/sprites/pokemon/445.png
Garchomp,garchomp-mega,"dragon,ground",https://raw.githubusercontent.com/PokeAPI/sprites/master/sprites/pokemon/10058.png
Garchomp,garchomp-mega-z,dragon,https://raw.githubusercontent.com/PokeAPI/sprites/master/sprites/pokemon/10309.png
Gardevoir,gardevoir,"psychic,fairy",https://raw.githubusercontent.com/PokeAPI/sprites/master/sprites/pokemon/282.png
Gardevoir,gardevoir-mega,"psychic,fairy",https://raw.githubusercontent.com/PokeAPI/sprites/master/sprites/pokemon/10051.png
Garganacl,garganacl,rock,https://raw.githubusercontent.com/PokeAPI/sprites/master/sprites/pokemon/934.png
Gastly,gastly,"ghost,poison",https://raw.githubusercontent.com/PokeAPI/sprites/master/sprites/pokemon/92.png
Gastrodon,gastrodon,"water,ground",https://raw.githubusercontent.com/PokeAPI/sprites/master/sprites/pokemon/423.png
Genesect,genesect,"bug,steel",https://raw.githubusercontent.com/PokeAPI/sprites/master/sprites/pokemon/649.png
Gengar,gengar,"ghost,poison",https://raw.githubusercontent.com/PokeAPI/sprites/master/sprites/pokemon/94.png
Gengar,gengar-gmax,"ghost,poison",https://raw.githubusercontent.com/PokeAPI/sprites/master/sprites/pokemon/10202.png
Gengar,gengar-mega,"ghost,poison",https://raw.githubusercontent.com/PokeAPI/sprites/master/sprites/pokemon/10038.png
Geodude,geodude,"rock,ground",https://raw.githubusercontent.com/PokeAPI/sprites/master/sprites/pokemon/74.png
Geodude,geodude-alola,"rock,electric",https://raw.githubusercontent.com/PokeAPI/sprites/master/sprites/pokemon/10109.png
Gholdengo,gholdengo,"steel,ghost",https://raw.githubusercontent.com/PokeAPI/sprites/master/sprites/pokemon/1000.png
Gible,gible,"dragon,ground",https://raw.githubusercontent.com/PokeAPI/sprites/master/sprites/pokemon/443.png
Gigalith,gigalith,rock,https://raw.githubusercontent.com/PokeAPI/sprites/master/sprites/pokemon/526.png
Gimmighoul,gimmighoul,ghost,https://raw.githubusercontent.com/PokeAPI/sprites/master/sprites/pokemon/999.png
Gimmighoul,gimmighoul-roaming,ghost,https://raw.githubusercontent.com/PokeAPI/sprites/master/sprites/pokemon/10263.png
Girafarig,girafarig,"normal,psychic",https://raw.githubusercontent.com/PokeAPI/sprites/master/sprites/pokemon/203.png
Giratina,giratina-altered,"ghost,dragon",https://raw.githubusercontent.com/PokeAPI/sprites/master/sprites/pokemon/487.png
Giratina,giratina-origin,"ghost,dragon",https://raw.githubusercontent.com/PokeAPI/sprites/master/sprites/pokemon/10007.png
Glaceon,glaceon,ice,https://raw.githubusercontent.com/PokeAPI/sprites/master/sprites/pokemon/471.png
Glalie,glalie,ice,https://raw.githubusercontent.com/PokeAPI/sprites/master/sprites/pokemon/362.png
Glalie,glalie-mega,ice,https://raw.githubusercontent.com/PokeAPI/sprites/master/sprites/pokemon/10074.png
Glameow,glameow,normal,https://raw.githubusercontent.com/PokeAPI/sprites/master/sprites/pokemon/431.png
Glastrier,glastrier,ice,https://raw.githubusercontent.com/PokeAPI/sprites/master/sprites/pokemon/896.png
Gligar,gligar,"ground,flying",https://raw.githubusercontent.com/PokeAPI/sprites/master/sprites/pokemon/207.png
Glimmet,glimmet,"rock,poison",https://raw.githubusercontent.com/PokeAPI/sprites/master/sprites/pokemon/969.png
Glimmora,glimmora,"rock,poison",https://raw.githubusercontent.com/PokeAPI/sprites/master/sprites/pokemon/970.png
Glimmora,glimmora-mega,"rock,poison",https://raw.githubusercontent.com/PokeAPI/sprites/master/sprites/pokemon/10321.png
Gliscor,gliscor,"ground,flying",https://raw.githubusercontent.com/PokeAPI/sprites/master/sprites/pokemon/472.png
Gloom,gloom,"grass,poison",https://raw.githubusercontent.com/PokeAPI/sprites/master/sprites/pokemon/44.png
Gogoat,gogoat,grass,https://raw.githubusercontent.com/PokeAPI/sprites/master/sprites/pokemon/673.png
Golbat,golbat,"poison,flying",https://raw.githubusercontent.com/PokeAPI/sprites/master/sprites/pokemon/42.png
Goldeen,goldeen,water,https://raw.githubusercontent.com/PokeAPI/sprites/master/sprites/pokemon/118.png
Golduck,golduck,water,https://raw.githubusercontent.com/PokeAPI/sprites/master/sprites/pokemon/55.png
Golem,golem,"rock,ground",https://raw.githubusercontent.com/PokeAPI/sprites/master/sprites/pokemon/76.png
Golem,golem-alola,"rock,electric",https://raw.githubusercontent.com/PokeAPI/sprites/master/sprites/pokemon/10111.png
Golett,golett,"ground,ghost",https://raw.githubusercontent.com/PokeAPI/sprites/master/sprites/pokemon/622.png
Golisopod,golisopod,"bug,water",https://raw.githubusercontent.com/PokeAPI/sprites/master/sprites/pokemon/768.png
Golisopod,golisopod-mega,"bug,steel",https://raw.githubusercontent.com/PokeAPI/sprites/master/sprites/pokemon/10316.png
Golurk,golurk,"ground,ghost",https://raw.githubusercontent.com/PokeAPI/sprites/master/sprites/pokemon/623.png
Golurk,golurk-mega,"ground,ghost",https://raw.githubusercontent.com/PokeAPI/sprites/master/sprites/pokemon/10313.png
Goodra,goodra,dragon,https://raw.githubusercontent.com/PokeAPI/sprites/master/sprites/pokemon/706.png
Goodra,goodra-hisui,"steel,dragon",https://raw.githubusercontent.com/PokeAPI/sprites/master/sprites/pokemon/10242.png
Goomy,goomy,dragon,https://raw.githubusercontent.com/PokeAPI/sprites/master/sprites/pokemon/704.png
Gorebyss,gorebyss,water,https://raw.githubusercontent.com/PokeAPI/sprites/master/sprites/pokemon/368.png
Gossifleur,gossifleur,grass,https://raw.githubusercontent.com/PokeAPI/sprites/master/sprites/pokemon/829.png
Gothita,gothita,psychic,https://raw.githubusercontent.com/PokeAPI/sprites/master/sprites/pokemon/574.png
Gothitelle,gothitelle,psychic,https://raw.githubusercontent.com/PokeAPI/sprites/master/sprites/pokemon/576.png
Gothorita,gothorita,psychic,https://raw.githubusercontent.com/PokeAPI/sprites/master/sprites/pokemon/575.png
Gouging Fire,gouging-fire,"fire,dragon",https://raw.githubusercontent.com/PokeAPI/sprites/master/sprites/pokemon/1020.png
Gourgeist,gourgeist-average,"ghost,grass",https://raw.githubusercontent.com/PokeAPI/sprites/master/sprites/pokemon/711.png
Gourgeist,gourgeist-large,"ghost,grass",https://raw.githubusercontent.com/PokeAPI/sprites/master/sprites/pokemon/10031.png
Gourgeist,gourgeist-small,"ghost,grass",https://raw.githubusercontent.com/PokeAPI/sprites/master/sprites/pokemon/10030.png
Gourgeist,gourgeist-super,"ghost,grass",https://raw.githubusercontent.com/PokeAPI/sprites/master/sprites/pokemon/10032.png
Grafaiai,grafaiai,"poison,normal",https://raw.githubusercontent.com/PokeAPI/sprites/master/sprites/pokemon/945.png
Granbull,granbull,fairy,https://raw.githubusercontent.com/PokeAPI/sprites/master/sprites/pokemon/210.png
Grapploct,grapploct,fighting,https://raw.githubusercontent.com/PokeAPI/sprites/master/sprites/pokemon/853.png
Graveler,graveler,"rock,ground",https://raw.githubusercontent.com/PokeAPI/sprites/master/sprites/pokemon/75.png
Graveler,graveler-alola,"rock,electric",https://raw.githubusercontent.com/PokeAPI/sprites/master/sprites/pokemon/10110.png
Great Tusk,great-tusk,"ground,fighting",https://raw.githubusercontent.com/PokeAPI/sprites/master/sprites/pokemon/984.png
Greavard,greavard,ghost,https://raw.githubusercontent.com/PokeAPI/sprites/master/sprites/pokemon/971.png
Greedent,greedent,normal,https://raw.githubusercontent.com/PokeAPI/sprites/master/sprites/pokemon/820.png
Greninja,greninja,"water,dark",https://raw.githubusercontent.com/PokeAPI/sprites/master/sprites/pokemon/658.png
Greninja,greninja-ash,"water,dark",https://raw.githubusercontent.com/PokeAPI/sprites/master/sprites/pokemon/10117.png
Greninja,greninja-battle-bond,"water,dark",https://raw.githubusercontent.com/PokeAPI/sprites/master/sprites/pokemon/10116.png
Greninja,greninja-mega,"water,dark",https://raw.githubusercontent.com/PokeAPI/sprites/master/sprites/pokemon/10294.png
Grimer,grimer,poison,https://raw.githubusercontent.com/PokeAPI/sprites/master/sprites/pokemon/88.png
Grimer,grimer-alola,"poison,dark",https://raw.githubusercontent.com/PokeAPI/sprites/master/sprites/pokemon/10112.png
Grimmsnarl,grimmsnarl,"dark,fairy",https://raw.githubusercontent.com/PokeAPI/sprites/master/sprites/pokemon/861.png
Grimmsnarl,grimmsnarl-gmax,"dark,fairy",https://raw.githubusercontent.com/PokeAPI/sprites/master/sprites/pokemon/10222.png
Grookey,grookey,grass,https://raw.githubusercontent.com/PokeAPI/sprites/master/sprites/pokemon/810.png
Grotle,grotle,grass,https://raw.githubusercontent.com/PokeAPI/sprites/master/sprites/pokemon/388.png
Groudon,groudon,ground,https://raw.githubusercontent.com/PokeAPI/sprites/master/sprites/pokemon/383.png
Groudon,groudon-primal,"ground,fire",https://raw.githubusercontent.com/PokeAPI/sprites/master/sprites/pokemon/10078.png
Grovyle,grovyle,grass,https://raw.githubusercontent.com/PokeAPI/sprites/master/sprites/pokemon/253.png
Growlithe,growlithe,fire,https://raw.githubusercontent.com/PokeAPI/sprites/master/sprites/pokemon/58.png
Growlithe,growlithe-hisui,"fire,rock",https://raw.githubusercontent.com/PokeAPI/sprites/master/sprites/pokemon/10229.png
Grubbin,grubbin,bug,https://raw.githubusercontent.com/PokeAPI/sprites/master/sprites/pokemon/736.png
Grumpig,grumpig,psychic,https://raw.githubusercontent.com/PokeAPI/sprites/master/sprites/pokemon/326.png
Gulpin,gulpin,poison,https://raw.githubusercontent.com/PokeAPI/sprites/master/sprites/pokemon/316.png
Gumshoos,gumshoos,normal,https://raw.githubusercontent.com/PokeAPI/sprites/master/sprites/pokemon/735.png
Gumshoos,gumshoos-totem,normal,https://raw.githubusercontent.com/PokeAPI/sprites/master/sprites/pokemon/10121.png
Gurdurr,gurdurr,fighting,https://raw.githubusercontent.com/PokeAPI/sprites/master/sprites/pokemon/533.png
Guzzlord,guzzlord,"dark,dragon",https://raw.githubusercontent.com/PokeAPI/sprites/master/sprites/pokemon/799.png
Gyarados,gyarados,"water,flying",https://raw.githubusercontent.com/PokeAPI/sprites/master/sprites/pokemon/130.png
Gyarados,gyarados-mega,"water,dark",https://raw.githubusercontent.com/PokeAPI/sprites/master/sprites/pokemon/10041.png
Hakamo-o,hakamo-o,"dragon,fighting",https://raw.githubusercontent.com/PokeAPI/sprites/master/sprites/pokemon/783.png
Happiny,happiny,normal,https://raw.githubusercontent.com/PokeAPI/sprites/master/sprites/pokemon/440.png
Hariyama,hariyama,fighting,https://raw.githubusercontent.com/PokeAPI/sprites/master/sprites/pokemon/297.png
Hatenna,hatenna,psychic,https://raw.githubusercontent.com/PokeAPI/sprites/master/sprites/pokemon/856.png
Hatterene,hatterene,"psychic,fairy",https://raw.githubusercontent.com/PokeAPI/sprites/master/sprites/pokemon/858.png
Hatterene,hatterene-gmax,"psychic,fairy",https://raw.githubusercontent.com/PokeAPI/sprites/master/sprites/pokemon/10221.png
Hattrem,hattrem,psychic,https://raw.githubusercontent.com/PokeAPI/sprites/master/sprites/pokemon/857.png
Haunter,haunter,"ghost,poison",https://raw.githubusercontent.com/PokeAPI/sprites/master/sprites/pokemon/93.png
Hawlucha,hawlucha,"fighting,flying",https://raw.githubusercontent.com/PokeAPI/sprites/master/sprites/pokemon/701.png
Hawlucha,hawlucha-mega,"fighting,flying",https://raw.githubusercontent.com/PokeAPI/sprites/master/sprites/pokemon/10300.png
Haxorus,haxorus,dragon,https://raw.githubusercontent.com/PokeAPI/sprites/master/sprites/pokemon/612.png
Heatmor,heatmor,fire,https://raw.githubusercontent.com/PokeAPI/sprites/master/sprites/pokemon/631.png
Heatran,heatran,"fire,steel",https://raw.githubusercontent.com/PokeAPI/sprites/master/sprites/pokemon/485.png
Heatran,heatran-mega,"fire,steel",https://raw.githubusercontent.com/PokeAPI/sprites/master/sprites/pokemon/10311.png
Heliolisk,heliolisk,"electric,normal",https://raw.githubusercontent.com/PokeAPI/sprites/master/sprites/pokemon/695.png
Helioptile,helioptile,"electric,normal",https://raw.githubusercontent.com/PokeAPI/sprites/master/sprites/pokemon/694.png
Heracross,heracross,"bug,fighting",https://raw.githubusercontent.com/PokeAPI/sprites/master/sprites/pokemon/214.png
Heracross,heracross-mega,"bug,fighting",https://raw.githubusercontent.com/PokeAPI/sprites/master/sprites/pokemon/10047.png
Herdier,herdier,normal,https://raw.githubusercontent.com/PokeAPI/sprites/master/sprites/pokemon/507.png
Hippopotas,hippopotas,ground,https://raw.githubusercontent.com/PokeAPI/sprites/master/sprites/pokemon/449.png
Hippowdon,hippowdon,ground,https://raw.githubusercontent.com/PokeAPI/sprites/master/sprites/pokemon/450.png
Hitmonchan,hitmonchan,fighting,https://raw.githubusercontent.com/PokeAPI/sprites/master/sprites/pokemon/107.png
Hitmonlee,hitmonlee,fighting,https://raw.githubusercontent.com/PokeAPI/sprites/master/sprites/pokemon/106.png
Hitmontop,hitmontop,fighting,https://raw.githubusercontent.com/PokeAPI/sprites/master/sprites/pokemon/237.png
Ho-Oh,ho-oh,"fire,flying",https://raw.githubusercontent.com/PokeAPI/sprites/master/sprites/pokemon/250.png
Honchkrow,honchkrow,"dark,flying",https://raw.githubusercontent.com/PokeAPI/sprites/master/sprites/pokemon/430.png
Honedge,honedge,"steel,ghost",https://raw.githubusercontent.com/PokeAPI/sprites/master/sprites/pokemon/679.png
Hoopa,hoopa,"psychic,ghost",https://raw.githubusercontent.com/PokeAPI/sprites/master/sprites/pokemon/720.png
Hoopa,hoopa-unbound,"psychic,dark",https://raw.githubusercontent.com/PokeAPI/sprites/master/sprites/pokemon/10086.png
Hoothoot,hoothoot,"normal,flying",https://raw.githubusercontent.com/PokeAPI/sprites/master/sprites/pokemon/163.png
Hoppip,hoppip,"grass,flying",https://raw.githubusercontent.com/PokeAPI/sprites/master/sprites/pokemon/187.png
Horsea,horsea,water,https://raw.githubusercontent.com/PokeAPI/sprites/master/sprites/pokemon/116.png
Houndoom,houndoom,"dark,fire",https://raw.githubusercontent.com/PokeAPI/sprites/master/sprites/pokemon/229.png
Houndoom,houndoom-mega,"dark,fire",https://raw.githubusercontent.com/PokeAPI/sprites/master/sprites/pokemon/10048.png
Houndour,houndour,"dark,fire",https://raw.githubusercontent.com/PokeAPI/sprites/master/sprites/pokemon/228.png
Houndstone,houndstone,ghost,https://raw.githubusercontent.com/PokeAPI/sprites/master/sprites/pokemon/972.png
Huntail,huntail,water,https://raw.githubusercontent.com/PokeAPI/sprites/master/sprites/pokemon/367.png
Hydrapple,hydrapple,"grass,dragon",https://raw.githubusercontent.com/PokeAPI/sprites/master/sprites/pokemon/1019.png
Hydreigon,hydreigon,"dark,dragon",https://raw.githubusercontent.com/PokeAPI/sprites/master/sprites/pokemon/635.png
Hypno,hypno,psychic,https://raw.githubusercontent.com/PokeAPI/sprites/master/sprites/pokemon/97.png
Igglybuff,igglybuff,"normal,fairy",https://raw.githubusercontent.com/PokeAPI/sprites/master/sprites/pokemon/174.png
Illumise,illumise,bug,https://raw.githubusercontent.com/PokeAPI/sprites/master/sprites/pokemon/314.png
Impidimp,impidimp,"dark,fairy",https://raw.githubusercontent.com/PokeAPI/sprites/master/sprites/pokemon/859.png
Incineroar,incineroar,"fire,dark",https://raw.githubusercontent.com/PokeAPI/sprites/master/sprites/pokemon/727.png
Indeedee,indeedee-female,"psychic,normal",https://raw.githubusercontent.com/PokeAPI/sprites/master/sprites/pokemon/10186.png
Indeedee,indeedee-male,"psychic,normal",https://raw.githubusercontent.com/PokeAPI/sprites/master/sprites/pokemon/876.png
Infernape,infernape,"fire,fighting",https://raw.githubusercontent.com/PokeAPI/sprites/master/sprites/pokemon/392.png
Inkay,inkay,"dark,psychic",https://raw.githubusercontent.com/PokeAPI/sprites/master/sprites/pokemon/686.png
Inteleon,inteleon,water,https://raw.githubusercontent.com/PokeAPI/sprites/master/sprites/pokemon/818.png
Inteleon,inteleon-gmax,water,https://raw.githubusercontent.com/PokeAPI/sprites/master/sprites/pokemon/10211.png
Iron Boulder,iron-boulder,"rock,psychic",https://raw.githubusercontent.com/PokeAPI/sprites/master/sprites/pokemon/1022.png
Iron Bundle,iron-bundle,"ice,water",https://raw.githubusercontent.com/PokeAPI/sprites/master/sprites/pokemon/991.png
Iron Crown,iron-crown,"steel,psychic",https://raw.githubusercontent.com/PokeAPI/sprites/master/sprites/pokemon/1023.png
Iron Hands,iron-hands,"fighting,electric",https://raw.githubusercontent.com/PokeAPI/sprites/master/sprites/pokemon/992.png
Iron Jugulis,iron-jugulis,"dark,flying",https://raw.githubusercontent.com/PokeAPI/sprites/master/sprites/pokemon/993.png
Iron Leaves,iron-leaves,"grass,psychic",https://raw.githubusercontent.com/PokeAPI/sprites/master/sprites/pokemon/1010.png
Iron Moth,iron-moth,"fire,poison",https://raw.githubusercontent.com/PokeAPI/sprites/master/sprites/pokemon/994.png
Iron Thorns,iron-thorns,"rock,electric",https://raw.githubusercontent.com/PokeAPI/sprites/master/sprites/pokemon/995.png
Iron Treads,iron-treads,"ground,steel",https://raw.githubusercontent.com/PokeAPI/sprites/master/sprites/pokemon/990.png
Iron Valiant,iron-valiant,"fairy,fighting",https://raw.githubusercontent.com/PokeAPI/sprites/master/sprites/pokemon/1006.png
Ivysaur,ivysaur,"grass,poison",https://raw.githubusercontent.com/PokeAPI/sprites/master/sprites/pokemon/2.png
Jangmo-o,jangmo-o,dragon,https://raw.githubusercontent.com/PokeAPI/sprites/master/sprites/pokemon/782.png
Jellicent,jellicent-male,"water,ghost",https://raw.githubusercontent.com/PokeAPI/sprites/master/sprites/pokemon/593.png
Jigglypuff,jigglypuff,"normal,fairy",https://raw.githubusercontent.com/PokeAPI/sprites/master/sprites/pokemon/39.png
Jirachi,jirachi,"steel,psychic",https://raw.githubusercontent.com/PokeAPI/sprites/master/sprites/pokemon/385.png
Jolteon,jolteon,electric,https://raw.githubusercontent.com/PokeAPI/sprites/master/sprites/pokemon/135.png
Joltik,joltik,"bug,electric",https://raw.githubusercontent.com/PokeAPI/sprites/master/sprites/pokemon/595.png
Jumpluff,jumpluff,"grass,flying",https://raw.githubusercontent.com/PokeAPI/sprites/master/sprites/pokemon/189.png
Jynx,jynx,"ice,psychic",https://raw.githubusercontent.com/PokeAPI/sprites/master/sprites/pokemon/124.png
Kabuto,kabuto,"rock,water",https://raw.githubusercontent.com/PokeAPI/sprites/master/sprites/pokemon/140.png
Kabutops,kabutops,"rock,water",https://raw.githubusercontent.com/PokeAPI/sprites/master/sprites/pokemon/141.png
Kadabra,kadabra,psychic,https://raw.githubusercontent.com/PokeAPI/sprites/master/sprites/pokemon/64.png
Kakuna,kakuna,"bug,poison",https://raw.githubusercontent.com/PokeAPI/sprites/master/sprites/pokemon/14.png
Kangaskhan,kangaskhan,normal,https://raw.githubusercontent.com/PokeAPI/sprites/master/sprites/pokemon/115.png
Kangaskhan,kangaskhan-mega,normal,https://raw.githubusercontent.com/PokeAPI/sprites/master/sprites/pokemon/10039.png
Karrablast,karrablast,bug,https://raw.githubusercontent.com/PokeAPI/sprites/master/sprites/pokemon/588.png
Kartana,kartana,"grass,steel",https://raw.githubusercontent.com/PokeAPI/sprites/master/sprites/pokemon/798.png
Kecleon,kecleon,normal,https://raw.githubusercontent.com/PokeAPI/sprites/master/sprites/pokemon/352.png
Keldeo,keldeo-ordinary,"water,fighting",https://raw.githubusercontent.com/PokeAPI/sprites/master/sprites/pokemon/647.png
Keldeo,keldeo-resolute,"water,fighting",https://raw.githubusercontent.com/PokeAPI/sprites/master/sprites/pokemon/10024.png
Kilowattrel,kilowattrel,"electric,flying",https://raw.githubusercontent.com/PokeAPI/sprites/master/sprites/pokemon/941.png
Kingambit,kingambit,"dark,steel",https://raw.githubusercontent.com/PokeAPI/sprites/master/sprites/pokemon/983.png
Kingdra,kingdra,"water,dragon",https://raw.githubusercontent.com/PokeAPI/sprites/master/sprites/pokemon/230.png
Kingler,kingler,water,https://raw.githubusercontent.com/PokeAPI/sprites/master/sprites/pokemon/99.png
Kingler,kingler-gmax,water,https://raw.githubusercontent.com/PokeAPI/sprites/master/sprites/pokemon/10203.png
Kirlia,kirlia,"psychic,fairy",https://raw.githubusercontent.com/PokeAPI/sprites/master/sprites/pokemon/281.png
Klang,klang,steel,https://raw.githubusercontent.com/PokeAPI/sprites/master/sprites/pokemon/600.png
Klawf,klawf,rock,https://raw.githubusercontent.com/PokeAPI/sprites/master/sprites/pokemon/950.png
Kleavor,kleavor,"bug,rock",https://raw.githubusercontent.com/PokeAPI/sprites/master/sprites/pokemon/900.png
Klefki,klefki,"steel,fairy",https://raw.githubusercontent.com/PokeAPI/sprites/master/sprites/pokemon/707.png
Klink,klink,steel,https://raw.githubusercontent.com/PokeAPI/sprites/master/sprites/pokemon/599.png
Klinklang,klinklang,steel,https://raw.githubusercontent.com/PokeAPI/sprites/master/sprites/pokemon/601.png
Koffing,koffing,poison,https://raw.githubusercontent.com/PokeAPI/sprites/master/sprites/pokemon/109.png
Komala,komala,normal,https://raw.githubusercontent.com/PokeAPI/sprites/master/sprites/pokemon/775.png
Kommo-o,kommo-o,"dragon,fighting",https://raw.githubusercontent.com/PokeAPI/sprites/master/sprites/pokemon/784.png
Kommo-o,kommo-o-totem,"dragon,fighting",https://raw.githubusercontent.com/PokeAPI/sprites/master/sprites/pokemon/10146.png
Koraidon,koraidon,"fighting,dragon",https://raw.githubusercontent.com/PokeAPI/sprites/master/sprites/pokemon/1007.png
Krabby,krabby,water,https://raw.githubusercontent.com/PokeAPI/sprites/master/sprites/pokemon/98.png
Kricketot,kricketot,bug,https://raw.githubusercontent.com/PokeAPI/sprites/master/sprites/pokemon/401.png
Kricketune,kricketune,bug,https://raw.githubusercontent.com/PokeAPI/sprites/master/sprites/pokemon/402.png
Krokorok,krokorok,"ground,dark",https://raw.githubusercontent.com/PokeAPI/sprites/master/sprites/pokemon/552.png
Krookodile,krookodile,"ground,dark",https://raw.githubusercontent.com/PokeAPI/sprites/master/sprites/pokemon/553.png
Kubfu,kubfu,fighting,https://raw.githubusercontent.com/PokeAPI/sprites/master/sprites/pokemon/891.png
Kyogre,kyogre,water,https://raw.githubusercontent.com/PokeAPI/sprites/master/sprites/pokemon/382.png
Kyogre,kyogre-primal,water,https://raw.githubusercontent.com/PokeAPI/sprites/master/sprites/pokemon/10077.png
Kyurem,kyurem,"dragon,ice",https://raw.githubusercontent.com/PokeAPI/sprites/master/sprites/pokemon/646.png
Kyurem,kyurem-black,"dragon,ice",https://raw.githubusercontent.com/PokeAPI/sprites/master/sprites/pokemon/10022.png
Kyurem,kyurem-white,"dragon,ice",https://raw.githubusercontent.com/PokeAPI/sprites/master/sprites/pokemon/10023.png
Lairon,lairon,"steel,rock",https://raw.githubusercontent.com/PokeAPI/sprites/master/sprites/pokemon/305.png
Lampent,lampent,"ghost,fire",https://raw.githubusercontent.com/PokeAPI/sprites/master/sprites/pokemon/608.png
Landorus,landorus-incarnate,"ground,flying",https://raw.githubusercontent.com/PokeAPI/sprites/master/sprites/pokemon/645.png
Landorus,landorus-therian,"ground,flying",https://raw.githubusercontent.com/PokeAPI/sprites/master/sprites/pokemon/10021.png
Lanturn,lanturn,"water,electric",https://raw.githubusercontent.com/PokeAPI/sprites/master/sprites/pokemon/171.png
Lapras,lapras,"water,ice",https://raw.githubusercontent.com/PokeAPI/sprites/master/sprites/pokemon/131.png
Lapras,lapras-gmax,"water,ice",https://raw.githubusercontent.com/PokeAPI/sprites/master/sprites/pokemon/10204.png
Larvesta,larvesta,"bug,fire",https://raw.githubusercontent.com/PokeAPI/sprites/master/sprites/pokemon/636.png
Larvitar,larvitar,"rock,ground",https://raw.githubusercontent.com/PokeAPI/sprites/master/sprites/pokemon/246.png
Latias,latias,"dragon,psychic",https://raw.githubusercontent.com/PokeAPI/sprites/master/sprites/pokemon/380.png
Latias,latias-mega,"dragon,psychic",https://raw.githubusercontent.com/PokeAPI/sprites/master/sprites/pokemon/10062.png
Latios,latios,"dragon,psychic",https://raw.githubusercontent.com/PokeAPI/sprites/master/sprites/pokemon/381.png
Latios,latios-mega,"dragon,psychic",https://raw.githubusercontent.com/PokeAPI/sprites/master/sprites/pokemon/10063.png
Leafeon,leafeon,grass,https://raw.githubusercontent.com/PokeAPI/sprites/master/sprites/pokemon/470.png
Leavanny,leavanny,"bug,grass",https://raw.githubusercontent.com/PokeAPI/sprites/master/sprites/pokemon/542.png
Lechonk,lechonk,normal,https://raw.githubusercontent.com/PokeAPI/sprites/master/sprites/pokemon/915.png
Ledian,ledian,"bug,flying",https://raw.githubusercontent.com/PokeAPI/sprites/master/sprites/pokemon/166.png
Ledyba,ledyba,"bug,flying",https://raw.githubusercontent.com/PokeAPI/sprites/master/sprites/pokemon/165.png
Lickilicky,lickilicky,normal,https://raw.githubusercontent.com/PokeAPI/sprites/master/sprites/pokemon/463.png
Lickitung,lickitung,normal,https://raw.githubusercontent.com/PokeAPI/sprites/master/sprites/pokemon/108.png
Liepard,liepard,dark,https://raw.githubusercontent.com/PokeAPI/sprites/master/sprites/pokemon/510.png
Lileep,lileep,"rock,grass",https://raw.githubusercontent.com/PokeAPI/sprites/master/sprites/pokemon/345.png
Lilligant,lilligant,grass,https://raw.githubusercontent.com/PokeAPI/sprites/master/sprites/pokemon/549.png
Lilligant,lilligant-hisui,"grass,fighting",https://raw.githubusercontent.com/PokeAPI/sprites/master/sprites/pokemon/10237.png
Lillipup,lillipup,normal,https://raw.githubusercontent.com/PokeAPI/sprites/master/sprites/pokemon/506.png
Linoone,linoone,normal,https://raw.githubusercontent.com/PokeAPI/sprites/master/sprites/pokemon/264.png
Linoone,linoone-galar,"dark,normal",https://raw.githubusercontent.com/PokeAPI/sprites/master/sprites/pokemon/10175.png
Litleo,litleo,"fire,normal",https://raw.githubusercontent.com/PokeAPI/sprites/master/sprites/pokemon/667.png
Litten,litten,fire,https://raw.githubusercontent.com/PokeAPI/sprites/master/sprites/pokemon/725.png
Litwick,litwick,"ghost,fire",https://raw.githubusercontent.com/PokeAPI/sprites/master/sprites/pokemon/607.png
Lokix,lokix,"bug,dark",https://raw.githubusercontent.com/PokeAPI/sprites/master/sprites/pokemon/920.png
Lombre,lombre,"water,grass",https://raw.githubusercontent.com/PokeAPI/sprites/master/sprites/pokemon/271.png
Lopunny,lopunny,normal,https://raw.githubusercontent.com/PokeAPI/sprites/master/sprites/pokemon/428.png
Lopunny,lopunny-mega,"normal,fighting",https://raw.githubusercontent.com/PokeAPI/sprites/master/sprites/pokemon/10088.png
Lotad,lotad,"water,grass",https://raw.githubusercontent.com/PokeAPI/sprites/master/sprites/pokemon/270.png
Loudred,loudred,normal,https://raw.githubusercontent.com/PokeAPI/sprites/master/sprites/pokemon/294.png
Lucario,lucario,"fighting,steel",https://raw.githubusercontent.com/PokeAPI/sprites/master/sprites/pokemon/448.png
Lucario,lucario-mega,"fighting,steel",https://raw.githubusercontent.com/PokeAPI/sprites/master/sprites/pokemon/10059.png
Lucario,lucario-mega-z,"fighting,steel",https://raw.githubusercontent.com/PokeAPI/sprites/master/sprites/pokemon/10310.png
Ludicolo,ludicolo,"water,grass",https://raw.githubusercontent.com/PokeAPI/sprites/master/sprites/pokemon/272.png
Lugia,lugia,"psychic,flying",https://raw.githubusercontent.com/PokeAPI/sprites/master/sprites/pokemon/249.png
Lumineon,lumineon,water,https://raw.githubusercontent.com/PokeAPI/sprites/master/sprites/pokemon/457.png
Lunala,lunala,"psychic,ghost",https://raw.githubusercontent.com/PokeAPI/sprites/master/sprites/pokemon/792.png
Lunatone,lunatone,"rock,psychic",https://raw.githubusercontent.com/PokeAPI/sprites/master/sprites/pokemon/337.png
Lurantis,lurantis,grass,https://raw.githubusercontent.com/PokeAPI/sprites/master/sprites/pokemon/754.png
Lurantis,lurantis-totem,grass,https://raw.githubusercontent.com/PokeAPI/sprites/master/sprites/pokemon/10128.png
Luvdisc,luvdisc,water,https://raw.githubusercontent.com/PokeAPI/sprites/master/sprites/pokemon/370.png
Luxio,luxio,electric,https://raw.githubusercontent.com/PokeAPI/sprites/master/sprites/pokemon/404.png
Luxray,luxray,electric,https://raw.githubusercontent.com/PokeAPI/sprites/master/sprites/pokemon/405.png
Lycanroc,lycanroc-dusk,rock,https://raw.githubusercontent.com/PokeAPI/sprites/master/sprites/pokemon/10152.png
Lycanroc,lycanroc-midday,rock,https://raw.githubusercontent.com/PokeAPI/sprites/master/sprites/pokemon/745.png
Lycanroc,lycanroc-midnight,rock,https://raw.githubusercontent.com/PokeAPI/sprites/master/sprites/pokemon/10126.png
Mabosstiff,mabosstiff,dark,https://raw.githubusercontent.com/PokeAPI/sprites/master/sprites/pokemon/943.png
Machamp,machamp,fighting,https://raw.githubusercontent.com/PokeAPI/sprites/master/sprites/pokemon/68.png
Machamp,machamp-gmax,fighting,https://raw.githubusercontent.com/PokeAPI/sprites/master/sprites/pokemon/10201.png
Machoke,machoke,fighting,https://raw.githubusercontent.com/PokeAPI/sprites/master/sprites/pokemon/67.png
Machop,machop,fighting,https://raw.githubusercontent.com/PokeAPI/sprites/master/sprites/pokemon/66.png
Magby,magby,fire,https://raw.githubusercontent.com/PokeAPI/sprites/master/sprites/pokemon/240.png
Magcargo,magcargo,"fire,rock",https://raw.githubusercontent.com/PokeAPI/sprites/master/sprites/pokemon/219.png
Magearna,magearna,"steel,fairy",https://raw.githubusercontent.com/PokeAPI/sprites/master/sprites/pokemon/801.png
Magearna,magearna-mega,"steel,fairy",https://raw.githubusercontent.com/PokeAPI/sprites/master/sprites/pokemon/10317.png
Magearna,magearna-original,"steel,fairy",https://raw.githubusercontent.com/PokeAPI/sprites/master/sprites/pokemon/10147.png
Magearna,magearna-original-mega,"steel,fairy",https://raw.githubusercontent.com/PokeAPI/sprites/master/sprites/pokemon/10318.png
Magikarp,magikarp,water,https://raw.githubusercontent.com/PokeAPI/sprites/master/sprites/pokemon/129.png
Magmar,magmar,fire,https://raw.githubusercontent.com/PokeAPI/sprites/master/sprites/pokemon/126.png
Magmortar,magmortar,fire,https://raw.githubusercontent.com/PokeAPI/sprites/master/sprites/pokemon/467.png
Magnemite,magnemite,"electric,steel",https://raw.githubusercontent.com/PokeAPI/sprites/master/sprites/pokemon/81.png
Magneton,magneton,"electric,steel",https://raw.githubusercontent.com/PokeAPI/sprites/master/sprites/pokemon/82.png
Magnezone,magnezone,"electric,steel",https://raw.githubusercontent.com/PokeAPI/sprites/master/sprites/pokemon/462.png
Makuhita,makuhita,fighting,https://raw.githubusercontent.com/PokeAPI/sprites/master/sprites/pokemon/296.png
Malamar,malamar,"dark,psychic",https://raw.githubusercontent.com/PokeAPI/sprites/master/sprites/pokemon/687.png
Malamar,malamar-mega,"dark,psychic",https://raw.githubusercontent.com/PokeAPI/sprites/master/sprites/pokemon/10297.png
Mamoswine,mamoswine,"ice,ground",https://raw.githubusercontent.com/PokeAPI/sprites/master/sprites/pokemon/473.png
Manaphy,manaphy,water,https://raw.githubusercontent.com/PokeAPI/sprites/master/sprites/pokemon/490.png
Mandibuzz,mandibuzz,"dark,flying",https://raw.githubusercontent.com/PokeAPI/sprites/master/sprites/pokemon/630.png
Manectric,manectric,electric,https://raw.githubusercontent.com/PokeAPI/sprites/master/sprites/pokemon/310.png
Manectric,manectric-mega,electric,https://raw.githubusercontent.com/PokeAPI/sprites/master/sprites/pokemon/10055.png
Mankey,mankey,fighting,https://raw.githubusercontent.com/PokeAPI/sprites/master/sprites/pokemon/56.png
Mantine,mantine,"water,flying",https://raw.githubusercontent.com/PokeAPI/sprites/master/sprites/pokemon/226.png
Mantyke,mantyke,"water,flying",https://raw.githubusercontent.com/PokeAPI/sprites/master/sprites/pokemon/458.png
Maractus,maractus,grass,https://raw.githubusercontent.com/PokeAPI/sprites/master/sprites/pokemon/556.png
Mareanie,mareanie,"poison,water",https://raw.githubusercontent.com/PokeAPI/sprites/master/sprites/pokemon/747.png
Mareep,mareep,electric,https://raw.githubusercontent.com/PokeAPI/sprites/master/sprites/pokemon/179.png
Marill,marill,"water,fairy",https://raw.githubusercontent.com/PokeAPI/sprites/master/sprites/pokemon/183.png
Marowak,marowak,ground,https://raw.githubusercontent.com/PokeAPI/sprites/master/sprites/pokemon/105.png
Marowak,marowak-alola,"fire,ghost",https://raw.githubusercontent.com/PokeAPI/sprites/master/sprites/pokemon/10115.png
Marowak,marowak-totem,"fire,ghost",https://raw.githubusercontent.com/PokeAPI/sprites/master/sprites/pokemon/10149.png
Marshadow,marshadow,"fighting,ghost",https://raw.githubusercontent.com/PokeAPI/sprites/master/sprites/pokemon/802.png
Marshtomp,marshtomp,"water,ground",https://raw.githubusercontent.com/PokeAPI/sprites/master/sprites/pokemon/259.png
Maschiff,maschiff,dark,https://raw.githubusercontent.com/PokeAPI/sprites/master/sprites/pokemon/942.png
Masquerain,masquerain,"bug,flying",https://raw.githubusercontent.com/PokeAPI/sprites/master/sprites/pokemon/284.png
Maushold,maushold-family-of-four,normal,https://raw.githubusercontent.com/PokeAPI/sprites/master/sprites/pokemon/925.png
Maushold,maushold-family-of-three,normal,https://raw.githubusercontent.com/PokeAPI/sprites/master/sprites/pokemon/10257.png
Mawile,mawile,"steel,fairy",https://raw.githubusercontent.com/PokeAPI/sprites/master/sprites/pokemon/303.png
Mawile,mawile-mega,"steel,fairy",https://raw.githubusercontent.com/PokeAPI/sprites/master/sprites/pokemon/10052.png
Medicham,medicham,"fighting,psychic",https://raw.githubusercontent.com/PokeAPI/sprites/master/sprites/pokemon/308.png
Medicham,medicham-mega,"fighting,psychic",https://raw.githubusercontent.com/PokeAPI/sprites/master/sprites/pokemon/10054.png
Meditite,meditite,"fighting,psychic",https://raw.githubusercontent.com/PokeAPI/sprites/master/sprites/pokemon/307.png
Meganium,meganium,grass,https://raw.githubusercontent.com/PokeAPI/sprites/master/sprites/pokemon/154.png
Meganium,meganium-mega,"grass,fairy",https://raw.githubusercontent.com/PokeAPI/sprites/master/sprites/pokemon/10282.png
Melmetal,melmetal,steel,https://raw.githubusercontent.com/PokeAPI/sprites/master/sprites/pokemon/809.png
Melmetal,melmetal-gmax,steel,https://raw.githubusercontent.com/PokeAPI/sprites/master/sprites/pokemon/10208.png
Meloetta,meloetta-aria,"normal,psychic",https://raw.githubusercontent.com/PokeAPI/sprites/master/sprites/pokemon/648.png
Meloetta,meloetta-pirouette,"normal,fighting",https://raw.githubusercontent.com/PokeAPI/sprites/master/sprites/pokemon/10018.png
Meltan,meltan,steel,https://raw.githubusercontent.com/PokeAPI/sprites/master/sprites/pokemon/808.png
Meowscarada,meowscarada,"grass,dark",https://raw.githubusercontent.com/PokeAPI/sprites/master/sprites/pokemon/908.png
Meowstic,meowstic-female,psychic,https://raw.githubusercontent.com/PokeAPI/sprites/master/sprites/pokemon/10025.png
Meowstic,meowstic-female-mega,psychic,https://raw.githubusercontent.com/PokeAPI/sprites/master/sprites/pokemon/10326.png
Meowstic,meowstic-male,psychic,https://raw.githubusercontent.com/PokeAPI/sprites/master/sprites/pokemon/678.png
Meowstic,meowstic-male-mega,psychic,https://raw.githubusercontent.com/PokeAPI/sprites/master/sprites/pokemon/10314.png
Meowth,meowth,normal,https://raw.githubusercontent.com/PokeAPI/sprites/master/sprites/pokemon/52.png
Meowth,meowth-alola,dark,https://raw.githubusercontent.com/PokeAPI/sprites/master/sprites/pokemon/10107.png
Meowth,meowth-galar,steel,https://raw.githubusercontent.com/PokeAPI/sprites/master/sprites/pokemon/10161.png
Meowth,meowth-gmax,normal,https://raw.githubusercontent.com/PokeAPI/sprites/master/sprites/pokemon/10200.png
Mesprit,mesprit,psychic,https://raw.githubusercontent.com/PokeAPI/sprites/master/sprites/pokemon/481.png
Metagross,metagross,"steel,psychic",https://raw.githubusercontent.com/PokeAPI/sprites/master/sprites/pokemon/376.png
Metagross,metagross-mega,"steel,psychic",https://raw.githubusercontent.com/PokeAPI/sprites/master/sprites/pokemon/10076.png
Metang,metang,"steel,psychic",https://raw.githubusercontent.com/PokeAPI/sprites/master/sprites/pokemon/375.png
Metapod,metapod,bug,https://raw.githubusercontent.com/PokeAPI/sprites/master/sprites/pokemon/11.png
Mew,mew,psychic,https://raw.githubusercontent.com/PokeAPI/sprites/master/sprites/pokemon/151.png
Mewtwo,mewtwo,psychic,https://raw.githubusercontent.com/PokeAPI/sprites/master/sprites/pokemon/150.png
Mewtwo,mewtwo-mega-x,"psychic,fighting",https://raw.githubusercontent.com/PokeAPI/sprites/master/sprites/pokemon/10043.png
Mewtwo,mewtwo-mega-y,psychic,https://raw.githubusercontent.com/PokeAPI/sprites/master/sprites/pokemon/10044.png
Mienfoo,mienfoo,fighting,https://raw.githubusercontent.com/PokeAPI/sprites/master/sprites/pokemon/619.png
Mienshao,mienshao,fighting,https://raw.githubusercontent.com/PokeAPI/sprites/master/sprites/pokemon/620.png
Mightyena,mightyena,dark,https://raw.githubusercontent.com/PokeAPI/sprites/master/sprites/pokemon/262.png
Milcery,milcery,fairy,https://raw.githubusercontent.com/PokeAPI/sprites/master/sprites/pokemon/868.png
Milotic,milotic,water,https://raw.githubusercontent.com/PokeAPI/sprites/master/sprites/pokemon/350.png
Miltank,miltank,normal,https://raw.githubusercontent.com/PokeAPI/sprites/master/sprites/pokemon/241.png
Mime Jr.,mime-jr,"psychic,fairy",https://raw.githubusercontent.com/PokeAPI/sprites/master/sprites/pokemon/439.png
Mimikyu,mimikyu-busted,"ghost,fairy",https://raw.githubusercontent.com/PokeAPI/sprites/master/sprites/pokemon/10143.png
Mimikyu,mimikyu-disguised,"ghost,fairy",https://raw.githubusercontent.com/PokeAPI/sprites/master/sprites/pokemon/778.png
Mimikyu,mimikyu-totem-busted,"ghost,fairy",https://raw.githubusercontent.com/PokeAPI/sprites/master/sprites/pokemon/10145.png
Mimikyu,mimikyu-totem-disguised,"ghost,fairy",https://raw.githubusercontent.com/PokeAPI/sprites/master/sprites/pokemon/10144.png
Minccino,minccino,normal,https://raw.githubusercontent.com/PokeAPI/sprites/master/sprites/pokemon/572.png
Minior,minior-blue,"rock,flying",https://raw.githubusercontent.com/PokeAPI/sprites/master/sprites/pokemon/10140.png
Minior,minior-blue-meteor,"rock,flying",https://raw.githubusercontent.com/PokeAPI/sprites/master/sprites/pokemon/10133.png
Minior,minior-green,"rock,flying",https://raw.githubusercontent.com/PokeAPI/sprites/master/sprites/pokemon/10139.png
Minior,minior-green-meteor,"rock,flying",https://raw.githubusercontent.com/PokeAPI/sprites/master/sprites/pokemon/10132.png
Minior,minior-indigo,"rock,flying",https://raw.githubusercontent.com/PokeAPI/sprites/master/sprites/pokemon/10141.png
Minior,minior-indigo-meteor,"rock,flying",https://raw.githubusercontent.com/PokeAPI/sprites/master/sprites/pokemon/10134.png
Minior,minior-orange,"rock,flying",https://raw.githubusercontent.com/PokeAPI/sprites/master/sprites/pokemon/10137.png
Minior,minior-orange-meteor,"rock,flying",https://raw.githubusercontent.com/PokeAPI/sprites/master/sprites/pokemon/10130.png
Minior,minior-red,"rock,flying",https://raw.githubusercontent.com/PokeAPI/sprites/master/sprites/pokemon/10136.png
Minior,minior-red-meteor,"rock,flying",https://raw.githubusercontent.com/PokeAPI/sprites/master/sprites/pokemon/774.png
Minior,minior-violet,"rock,flying",https://raw.githubusercontent.com/PokeAPI/sprites/master/sprites/pokemon/10142.png
Minior,minior-violet-meteor,"rock,flying",https://raw.githubusercontent.com/PokeAPI/sprites/master/sprites/pokemon/10135.png
Minior,minior-yellow,"rock,flying",https://raw.githubusercontent.com/PokeAPI/sprites/master/sprites/pokemon/10138.png
Minior,minior-yellow-meteor,"rock,flying",https://raw.githubusercontent.com/PokeAPI/sprites/master/sprites/pokemon/10131.png
Minun,minun,electric,https://raw.githubusercontent.com/PokeAPI/sprites/master/sprites/pokemon/312.png
Miraidon,miraidon,"electric,dragon",https://raw.githubusercontent.com/PokeAPI/sprites/master/sprites/pokemon/1008.png
Misdreavus,misdreavus,ghost,https://raw.githubusercontent.com/PokeAPI/sprites/master/sprites/pokemon/200.png
Mismagius,mismagius,ghost,https://raw.githubusercontent.com/PokeAPI/sprites/master/sprites/pokemon/429.png
Moltres,moltres,"fire,flying",https://raw.githubusercontent.com/PokeAPI/sprites/master/sprites/pokemon/146.png
Moltres,moltres-galar,"dark,flying",https://raw.githubusercontent.com/PokeAPI/sprites/master/sprites/pokemon/10171.png
Monferno,monferno,"fire,fighting",https://raw.githubusercontent.com/PokeAPI/sprites/master/sprites/pokemon/391.png
Morelull,morelull,"grass,fairy",https://raw.githubusercontent.com/PokeAPI/sprites/master/sprites/pokemon/755.png
Morgrem,morgrem,"dark,fairy",https://raw.githubusercontent.com/PokeAPI/sprites/master/sprites/pokemon/860.png
Morpeko,morpeko-full-belly,"electric,dark",https://raw.githubusercontent.com/PokeAPI/sprites/master/sprites/pokemon/877.png
Morpeko,morpeko-hangry,"electric,dark",https://raw.githubusercontent.com/PokeAPI/sprites/master/sprites/pokemon/10187.png
Mothim,mothim,"bug,flying",https://raw.githubusercontent.com/PokeAPI/sprites/master/sprites/pokemon/414.png
Mr. Mime,mr-mime,"psychic,fairy",https://raw.githubusercontent.com/PokeAPI/sprites/master/sprites/pokemon/122.png
Mr. Mime,mr-mime-galar,"ice,psychic",https://raw.githubusercontent.com/PokeAPI/sprites/master/sprites/pokemon/10168.png
Mr. Rime,mr-rime,"ice,psychic",https://raw.githubusercontent.com/PokeAPI/sprites/master/sprites/pokemon/866.png
Mudbray,mudbray,ground,https://raw.githubusercontent.com/PokeAPI/sprites/master/sprites/pokemon/749.png
Mudkip,mudkip,water,https://raw.githubusercontent.com/PokeAPI/sprites/master/sprites/pokemon/258.png
Mudsdale,mudsdale,ground,https://raw.githubusercontent.com/PokeAPI/sprites/master/sprites/pokemon/750.png
Muk,muk,poison,https://raw.githubusercontent.com/PokeAPI/sprites/master/sprites/pokemon/89.png
Muk,muk-alola,"poison,dark",https://raw.githubusercontent.com/PokeAPI/sprites/master/sprites/pokemon/10113.png
Munchlax,munchlax,normal,https://raw.githubusercontent.com/PokeAPI/sprites/master/sprites/pokemon/446.png
Munkidori,munkidori,"poison,psychic",https://raw.githubusercontent.com/PokeAPI/sprites/master/sprites/pokemon/1015.png
Munna,munna,psychic,https://raw.githubusercontent.com/PokeAPI/sprites/master/sprites/pokemon/517.png
Murkrow,murkrow,"dark,flying",https://raw.githubusercontent.com/PokeAPI/sprites/master/sprites/pokemon/198.png
Musharna,musharna,psychic,https://raw.githubusercontent.com/PokeAPI/sprites/master/sprites/pokemon/518.png
Nacli,nacli,rock,https://raw.githubusercontent.com/PokeAPI/sprites/master/sprites/pokemon/932.png
Naclstack,naclstack,rock,https://raw.githubusercontent.com/PokeAPI/sprites/master/sprites/pokemon/933.png
Naganadel,naganadel,"poison,dragon",https://raw.githubusercontent.com/PokeAPI/sprites/master/sprites/pokemon/804.png
Natu,natu,"psychic,flying",https://raw.githubusercontent.com/PokeAPI/sprites/master/sprites/pokemon/177.png
Necrozma,necrozma,psychic,https://raw.githubusercontent.com/PokeAPI/sprites/master/sprites/pokemon/800.png
Necrozma,necrozma-dawn,"psychic,ghost",https://raw.githubusercontent.com/PokeAPI/sprites/master/sprites/pokemon/10156.png
Necrozma,necrozma-dusk,"psychic,steel",https://raw.githubusercontent.com/PokeAPI/sprites/master/sprites/pokemon/10155.png
Necrozma,necrozma-ultra,"psychic,dragon",https://raw.githubusercontent.com/PokeAPI/sprites/master/sprites/pokemon/10157.png
Nickit,nickit,dark,https://raw.githubusercontent.com/PokeAPI/sprites/master/sprites/pokemon/827.png
Nidoking,nidoking,"poison,ground",https://raw.githubusercontent.com/PokeAPI/sprites/master/sprites/pokemon/34.png
Nidoqueen,nidoqueen,"poison,ground",https://raw.githubusercontent.com/PokeAPI/sprites/master/sprites/pokemon/31.png
Nidoran♀,nidoran-f,poison,https://raw.githubusercontent.com/PokeAPI/sprites/master/sprites/pokemon/29.png
Nidoran♂,nidoran-m,poison,https://raw.githubusercontent.com/PokeAPI/sprites/master/sprites/pokemon/32.png
Nidorina,nidorina,poison,https://raw.githubusercontent.com/PokeAPI/sprites/master/sprites/pokemon/30.png
Nidorino,nidorino,poison,https://raw.githubusercontent.com/PokeAPI/sprites/master/sprites/pokemon/33.png
Nihilego,nihilego,"rock,poison",https://raw.githubusercontent.com/PokeAPI/sprites/master/sprites/pokemon/793.png
Nincada,nincada,"bug,ground",https://raw.githubusercontent.com/PokeAPI/sprites/master/sprites/pokemon/290.png
Ninetales,ninetales,fire,https://raw.githubusercontent.com/PokeAPI/sprites/master/sprites/pokemon/38.png
Ninetales,ninetales-alola,"ice,fairy",https://raw.githubusercontent.com/PokeAPI/sprites/master/sprites/pokemon/10104.png
Ninjask,ninjask,"bug,flying",https://raw.githubusercontent.com/PokeAPI/sprites/master/sprites/pokemon/291.png
Noctowl,noctowl,"normal,flying",https://raw.githubusercontent.com/PokeAPI/sprites/master/sprites/pokemon/164.png
Noibat,noibat,"flying,dragon",https://raw.githubusercontent.com/PokeAPI/sprites/master/sprites/pokemon/714.png
Noivern,noivern,"flying,dragon",https://raw.githubusercontent.com/PokeAPI/sprites/master/sprites/pokemon/715.png
Nosepass,nosepass,rock,https://raw.githubusercontent.com/PokeAPI/sprites/master/sprites/pokemon/299.png
Numel,numel,"fire,ground",https://raw.githubusercontent.com/PokeAPI/sprites/master/sprites/pokemon/322.png
Nuzleaf,nuzleaf,"grass,dark",https://raw.githubusercontent.com/PokeAPI/sprites/master/sprites/pokemon/274.png
Nymble,nymble,bug,https://raw.githubusercontent.com/PokeAPI/sprites/master/sprites/pokemon/919.png
Obstagoon,obstagoon,"dark,normal",https://raw.githubusercontent.com/PokeAPI/sprites/master/sprites/pokemon/862.png
Octillery,octillery,water,https://raw.githubusercontent.com/PokeAPI/sprites/master/sprites/pokemon/224.png
Oddish,oddish,"grass,poison",https://raw.githubusercontent.com/PokeAPI/sprites/master/sprites/pokemon/43.png
Ogerpon,ogerpon,grass,https://raw.githubusercontent.com/PokeAPI/sprites/master/sprites/pokemon/1017.png
Ogerpon,ogerpon-cornerstone-mask,"grass,rock",https://raw.githubusercontent.com/PokeAPI/sprites/master/sprites/pokemon/10275.png
Ogerpon,ogerpon-hearthflame-mask,"grass,fire",https://raw.githubusercontent.com/PokeAPI/sprites/master/sprites/pokemon/10274.png
Ogerpon,ogerpon-wellspring-mask,"grass,water",https://raw.githubusercontent.com/PokeAPI/sprites/master/sprites/pokemon/10273.png
Oinkologne,oinkologne-female,normal,https://raw.githubusercontent.com/PokeAPI/sprites/master/sprites/pokemon/10254.png
Oinkologne,oinkologne-male,normal,https://raw.githubusercontent.com/PokeAPI/sprites/master/sprites/pokemon/916.png
Okidogi,okidogi,"poison,fighting",https://raw.githubusercontent.com/PokeAPI/sprites/master/sprites/pokemon/1014.png
Omanyte,omanyte,"rock,water",https://raw.githubusercontent.com/PokeAPI/sprites/master/sprites/pokemon/138.png
Omastar,omastar,"rock,water",https://raw.githubusercontent.com/PokeAPI/sprites/master/sprites/pokemon/139.png
Onix,onix,"rock,ground",https://raw.githubusercontent.com/PokeAPI/sprites/master/sprites/pokemon/95.png
Oranguru,oranguru,"normal,psychic",https://raw.githubusercontent.com/PokeAPI/sprites/master/sprites/pokemon/765.png
Orbeetle,orbeetle,"bug,psychic",https://raw.githubusercontent.com/PokeAPI/sprites/master/sprites/pokemon/826.png
Orbeetle,orbeetle-gmax,"bug,psychic",https://raw.githubusercontent.com/PokeAPI/sprites/master/sprites/pokemon/10213.png
Oricorio,oricorio-baile,"fire,flying",https://raw.githubusercontent.com/PokeAPI/sprites/master/sprites/pokemon/741.png
Oricorio,oricorio-pau,"psychic,flying",https://raw.githubusercontent.com/PokeAPI/sprites/master/sprites/pokemon/10124.png
Oricorio,oricorio-pom-pom,"electric,flying",https://raw.githubusercontent.com/PokeAPI/sprites/master/sprites/pokemon/10123.png
Oricorio,oricorio-sensu,"ghost,flying",https://raw.githubusercontent.com/PokeAPI/sprites/master/sprites/pokemon/10125.png
Orthworm,orthworm,steel,https://raw.githubusercontent.com/PokeAPI/sprites/master/sprites/pokemon/968.png
Oshawott,oshawott,water,https://raw.githubusercontent.com/PokeAPI/sprites/master/sprites/pokemon/501.png
Overqwil,overqwil,"dark,poison",https://raw.githubusercontent.com/PokeAPI/sprites/master/sprites/pokemon/904.png
Pachirisu,pachirisu,electric,https://raw.githubusercontent.com/PokeAPI/sprites/master/sprites/pokemon/417.png
Palafin,palafin-hero,water,https://raw.githubusercontent.com/PokeAPI/sprites/master/sprites/pokemon/10256.png
Palafin,palafin-zero,water,https://raw.githubusercontent.com/PokeAPI/sprites/master/sprites/pokemon/964.png
Palkia,palkia,"water,dragon",https://raw.githubusercontent.com/PokeAPI/sprites/master/sprites/pokemon/484.png
Palkia,palkia-origin,"water,dragon",https://raw.githubusercontent.com/PokeAPI/sprites/master/sprites/pokemon/10246.png
Palossand,palossand,"ghost,ground",https://raw.githubusercontent.com/PokeAPI/sprites/master/sprites/pokemon/770.png
Palpitoad,palpitoad,"water,ground",https://raw.githubusercontent.com/PokeAPI/sprites/master/sprites/pokemon/536.png
Pancham,pancham,fighting,https://raw.githubusercontent.com/PokeAPI/sprites/master/sprites/pokemon/674.png
Pangoro,pangoro,"fighting,dark",https://raw.githubusercontent.com/PokeAPI/sprites/master/sprites/pokemon/675.png
Panpour,panpour,water,https://raw.githubusercontent.com/PokeAPI/sprites/master/sprites/pokemon/515.png
Pansage,pansage,grass,https://raw.githubusercontent.com/PokeAPI/sprites/master/sprites/pokemon/511.png
Pansear,pansear,fire,https://raw.githubusercontent.com/PokeAPI/sprites/master/sprites/pokemon/513.png
Paras,paras,"bug,grass",https://raw.githubusercontent.com/PokeAPI/sprites/master/sprites/pokemon/46.png
Parasect,parasect,"bug,grass",https://raw.githubusercontent.com/PokeAPI/sprites/master/sprites/pokemon/47.png
Passimian,passimian,fighting,https://raw.githubusercontent.com/PokeAPI/sprites/master/sprites/pokemon/766.png
Patrat,patrat,normal,https://raw.githubusercontent.com/PokeAPI/sprites/master/sprites/pokemon/504.png
Pawmi,pawmi,electric,https://raw.githubusercontent.com/PokeAPI/sprites/master/sprites/pokemon/921.png
Pawmo,pawmo,"electric,fighting",https://raw.githubusercontent.com/PokeAPI/sprites/master/sprites/pokemon/922.png
Pawmot,pawmot,"electric,fighting",https://raw.githubusercontent.com/PokeAPI/sprites/master/sprites/pokemon/923.png
Pawniard,pawniard,"dark,steel",https://raw.githubusercontent.com/PokeAPI/sprites/master/sprites/pokemon/624.png
Pecharunt,pecharunt,"poison,ghost",https://raw.githubusercontent.com/PokeAPI/sprites/master/sprites/pokemon/1025.png
Pelipper,pelipper,"water,flying",https://raw.githubusercontent.com/PokeAPI/sprites/master/sprites/pokemon/279.png
Perrserker,perrserker,steel,https://raw.githubusercontent.com/PokeAPI/sprites/master/sprites/pokemon/863.png
Persian,persian,normal,https://raw.githubusercontent.com/PokeAPI/sprites/master/sprites/pokemon/53.png
Persian,persian-alola,dark,https://raw.githubusercontent.com/PokeAPI/sprites/master/sprites/pokemon/10108.png
Petilil,petilil,grass,https://raw.githubusercontent.com/PokeAPI/sprites/master/sprites/pokemon/548.png
Phanpy,phanpy,ground,https://raw.githubusercontent.com/PokeAPI/sprites/master/sprites/pokemon/231.png
Phantump,phantump,"ghost,grass",https://raw.githubusercontent.com/PokeAPI/sprites/master/sprites/pokemon/708.png
Pheromosa,pheromosa,"bug,fighting",https://raw.githubusercontent.com/PokeAPI/sprites/master/sprites/pokemon/795.png
Phione,phione,water,https://raw.githubusercontent.com/PokeAPI/sprites/master/sprites/pokemon/489.png
Pichu,pichu,electric,https://raw.githubusercontent.com/PokeAPI/sprites/master/sprites/pokemon/172.png
Pidgeot,pidgeot,"normal,flying",https://raw.githubusercontent.com/PokeAPI/sprites/master/sprites/pokemon/18.png
Pidgeot,pidgeot-mega,"normal,flying",https://raw.githubusercontent.com/PokeAPI/sprites/master/sprites/pokemon/10073.png
Pidgeotto,pidgeotto,"normal,flying",https://raw.githubusercontent.com/PokeAPI/sprites/master/sprites/pokemon/17.png
Pidgey,pidgey,"normal,flying",https://raw.githubusercontent.com/PokeAPI/sprites/master/sprites/pokemon/16.png
Pidove,pidove,"normal,flying",https://raw.githubusercontent.com/PokeAPI/sprites/master/sprites/pokemon/519.png
Pignite,pignite,"fire,fighting",https://raw.githubusercontent.com/PokeAPI/sprites/master/sprites/pokemon/499.png
Pikachu,pikachu,electric,https://raw.githubusercontent.com/PokeAPI/sprites/master/sprites/pokemon/25.png
Pikachu,pikachu-alola-cap,electric,https://raw.githubusercontent.com/PokeAPI/sprites/master/sprites/pokemon/10099.png
Pikachu,pikachu-belle,electric,https://raw.githubusercontent.com/PokeAPI/sprites/master/sprites/pokemon/10081.png
Pikachu,pikachu-cosplay,electric,https://raw.githubusercontent.com/PokeAPI/sprites/master/sprites/pokemon/10085.png
Pikachu,pikachu-gmax,electric,https://raw.githubusercontent.com/PokeAPI/sprites/master/sprites/pokemon/10199.png
Pikachu,pikachu-hoenn-cap,electric,https://raw.githubusercontent.com/PokeAPI/sprites/master/sprites/pokemon/10095.png
Pikachu,pikachu-kalos-cap,electric,https://raw.githubusercontent.com/PokeAPI/sprites/master/sprites/pokemon/10098.png
Pikachu,pikachu-libre,electric,https://raw.githubusercontent.com/PokeAPI/sprites/master/sprites/pokemon/10084.png
Pikachu,pikachu-original-cap,electric,https://raw.githubusercontent.com/PokeAPI/sprites/master/sprites/pokemon/10094.png
Pikachu,pikachu-partner-cap,electric,https://raw.githubusercontent.com/PokeAPI/sprites/master/sprites/pokemon/10148.png
Pikachu,pikachu-phd,electric,https://raw.githubusercontent.com/PokeAPI/sprites/master/sprites/pokemon/10083.png
Pikachu,pikachu-pop-star,electric,https://raw.githubusercontent.com/PokeAPI/sprites/master/sprites/pokemon/10082.png
Pikachu,pikachu-rock-star,electric,https://raw.githubusercontent.com/PokeAPI/sprites/master/sprites/pokemon/10080.png
Pikachu,pikachu-sinnoh-cap,electric,https://raw.githubusercontent.com/PokeAPI/sprites/master/sprites/pokemon/10096.png
Pikachu,pikachu-starter,electric,https://raw.githubusercontent.com/PokeAPI/sprites/master/sprites/pokemon/10158.png
Pikachu,pikachu-unova-cap,electric,https://raw.githubusercontent.com/PokeAPI/sprites/master/sprites/pokemon/10097.png
Pikachu,pikachu-world-cap,electric,https://raw.githubusercontent.com/PokeAPI/sprites/master/sprites/pokemon/10160.png
Pikipek,pikipek,"normal,flying",https://raw.githubusercontent.com/PokeAPI/sprites/master/sprites/pokemon/731.png
Piloswine,piloswine,"ice,ground",https://raw.githubusercontent.com/PokeAPI/sprites/master/sprites/pokemon/221.png
Pincurchin,pincurchin,electric,https://raw.githubusercontent.com/PokeAPI/sprites/master/sprites/pokemon/871.png
Pineco,pineco,bug,https://raw.githubusercontent.com/PokeAPI/sprites/master/sprites/pokemon/204.png
Pinsir,pinsir,bug,https://raw.githubusercontent.com/PokeAPI/sprites/master/sprites/pokemon/127.png
Pinsir,pinsir-mega,"bug,flying",https://raw.githubusercontent.com/PokeAPI/sprites/master/sprites/pokemon/10040.png
Piplup,piplup,water,https://raw.githubusercontent.com/PokeAPI/sprites/master/sprites/pokemon/393.png
Plusle,plusle,electric,https://raw.githubusercontent.com/PokeAPI/sprites/master/sprites/pokemon/311.png
Poipole,poipole,poison,https://raw.githubusercontent.com/PokeAPI/sprites/master/sprites/pokemon/803.png
Politoed,politoed,water,https://raw.githubusercontent.com/PokeAPI/sprites/master/sprites/pokemon/186.png
Poliwag,poliwag,water,https://raw.githubusercontent.com/PokeAPI/sprites/master/sprites/pokemon/60.png
Poliwhirl,poliwhirl,water,https://raw.githubusercontent.com/PokeAPI/sprites/master/sprites/pokemon/61.png
Poliwrath,poliwrath,"water,fighting",https://raw.githubusercontent.com/PokeAPI/sprites/master/sprites/pokemon/62.png
Poltchageist,poltchageist,"grass,ghost",https://raw.githubusercontent.com/PokeAPI/sprites/master/sprites/pokemon/1012.png
Polteageist,polteageist,ghost,https://raw.githubusercontent.com/PokeAPI/sprites/master/sprites/pokemon/855.png
Ponyta,ponyta,fire,https://raw.githubusercontent.com/PokeAPI/sprites/master/sprites/pokemon/77.png
Ponyta,ponyta-galar,psychic,https://raw.githubusercontent.com/PokeAPI/sprites/master/sprites/pokemon/10162.png
Poochyena,poochyena,dark,https://raw.githubusercontent.com/PokeAPI/sprites/master/sprites/pokemon/261.png
Popplio,popplio,water,https://raw.githubusercontent.com/PokeAPI/sprites/master/sprites/pokemon/728.png
Porygon,porygon,normal,https://raw.githubusercontent.com/PokeAPI/sprites/master/sprites/pokemon/137.png
Porygon-Z,porygon-z,normal,https://raw.githubusercontent.com/PokeAPI/sprites/master/sprites/pokemon/474.png
Porygon2,porygon2,normal,https://raw.githubusercontent.com/PokeAPI/sprites/master/sprites/pokemon/233.png
Primarina,primarina,"water,fairy",https://raw.githubusercontent.com/PokeAPI/sprites/master/sprites/pokemon/730.png
Primeape,primeape,fighting,https://raw.githubusercontent.com/PokeAPI/sprites/master/sprites/pokemon/57.png
Prinplup,prinplup,water,https://raw.githubusercontent.com/PokeAPI/sprites/master/sprites/pokemon/394.png
Probopass,probopass,"rock,steel",https://raw.githubusercontent.com/PokeAPI/sprites/master/sprites/pokemon/476.png
Psyduck,psyduck,water,https://raw.githubusercontent.com/PokeAPI/sprites/master/sprites/pokemon/54.png
Pumpkaboo,pumpkaboo-average,"ghost,grass",https://raw.githubusercontent.com/PokeAPI/sprites/master/sprites/pokemon/710.png
Pumpkaboo,pumpkaboo-large,"ghost,grass",https://raw.githubusercontent.com/PokeAPI/sprites/master/sprites/pokemon/10028.png
Pumpkaboo,pumpkaboo-small,"ghost,grass",https://raw.githubusercontent.com/PokeAPI/sprites/master/sprites/pokemon/10027.png
Pumpkaboo,pumpkaboo-super,"ghost,grass",https://raw.githubusercontent.com/PokeAPI/sprites/master/sprites/pokemon/10029.png
Pupitar,pupitar,"rock,ground",https://raw.githubusercontent.com/PokeAPI/sprites/master/sprites/pokemon/247.png
Purrloin,purrloin,dark,https://raw.githubusercontent.com/PokeAPI/sprites/master/sprites/pokemon/509.png
Purugly,purugly,normal,https://raw.githubusercontent.com/PokeAPI/sprites/master/sprites/pokemon/432.png
Pyroar,pyroar-male,"fire,normal",https://raw.githubusercontent.com/PokeAPI/sprites/master/sprites/pokemon/668.png
Pyroar,pyroar-mega,"fire,normal",https://raw.githubusercontent.com/PokeAPI/sprites/master/sprites/pokemon/10295.png
Pyukumuku,pyukumuku,water,https://raw.githubusercontent.com/PokeAPI/sprites/master/sprites/pokemon/771.png
Quagsire,quagsire,"water,ground",https://raw.githubusercontent.com/PokeAPI/sprites/master/sprites/pokemon/195.png
Quaquaval,quaquaval,"water,fighting",https://raw.githubusercontent.com/PokeAPI/sprites/master/sprites/pokemon/914.png
Quaxly,quaxly,water,https://raw.githubusercontent.com/PokeAPI/sprites/master/sprites/pokemon/912.png
Quaxwell,quaxwell,water,https://raw.githubusercontent.com/PokeAPI/sprites/master/sprites/pokemon/913.png
Quilava,quilava,fire,https://raw.githubusercontent.com/PokeAPI/sprites/master/sprites/pokemon/156.png
Quilladin,quilladin,grass,https://raw.githubusercontent.com/PokeAPI/sprites/master/sprites/pokemon/651.png
Qwilfish,qwilfish,"water,poison",https://raw.githubusercontent.com/PokeAPI/sprites/master/sprites/pokemon/211.png
Qwilfish,qwilfish-hisui,"dark,poison",https://raw.githubusercontent.com/PokeAPI/sprites/master/sprites/pokemon/10234.png
Raboot,raboot,fire,https://raw.githubusercontent.com/PokeAPI/sprites/master/sprites/pokemon/814.png
Rabsca,rabsca,"bug,psychic",https://raw.githubusercontent.com/PokeAPI/sprites/master/sprites/pokemon/954.png
Raging Bolt,raging-bolt,"electric,dragon",https://raw.githubusercontent.com/PokeAPI/sprites/master/sprites/pokemon/1021.png
Raichu,raichu,electric,https://raw.githubusercontent.com/PokeAPI/sprites/master/sprites/pokemon/26.png
Raichu,raichu-alola,"electric,psychic",https://raw.githubusercontent.com/PokeAPI/sprites/master/sprites/pokemon/10100.png
Raichu,raichu-mega-x,electric,https://raw.githubusercontent.com/PokeAPI/sprites/master/sprites/pokemon/10304.png
Raichu,raichu-mega-y,electric,https://raw.githubusercontent.com/PokeAPI/sprites/master/sprites/pokemon/10305.png
Raikou,raikou,electric,https://raw.githubusercontent.com/PokeAPI/sprites/master/sprites/pokemon/243.png
Ralts,ralts,"psychic,fairy",https://raw.githubusercontent.com/PokeAPI/sprites/master/sprites/pokemon/280.png
Rampardos,rampardos,rock,https://raw.githubusercontent.com/PokeAPI/sprites/master/sprites/pokemon/409.png
Rapidash,rapidash,fire,https://raw.githubusercontent.com/PokeAPI/sprites/master/sprites/pokemon/78.png
Rapidash,rapidash-galar,"psychic,fairy",https://raw.githubusercontent.com/PokeAPI/sprites/master/sprites/pokemon/10163.png
Raticate,raticate,normal,https://raw.githubusercontent.com/PokeAPI/sprites/master/sprites/pokemon/20.png
Raticate,raticate-alola,"dark,normal",https://raw.githubusercontent.com/PokeAPI/sprites/master/sprites/pokemon/10092.png
Raticate,raticate-totem-alola,"dark,normal",https://raw.githubusercontent.com/PokeAPI/sprites/master/sprites/pokemon/10093.png
Rattata,rattata,normal,https://raw.githubusercontent.com/PokeAPI/sprites/master/sprites/pokemon/19.png
Rattata,rattata-alola,"dark,normal",https://raw.githubusercontent.com/PokeAPI/sprites/master/sprites/pokemon/10091.png
Rayquaza,rayquaza,"dragon,flying",https://raw.githubusercontent.com/PokeAPI/sprites/master/sprites/pokemon/384.png
Rayquaza,rayquaza-mega,"dragon,flying",https://raw.githubusercontent.com/PokeAPI/sprites/master/sprites/pokemon/10079.png
Regice,regice,ice,https://raw.githubusercontent.com/PokeAPI/sprites/master/sprites/pokemon/378.png
Regidrago,regidrago,dragon,https://raw.githubusercontent.com/PokeAPI/sprites/master/sprites/pokemon/895.png
Regieleki,regieleki,electric,https://raw.githubusercontent.com/PokeAPI/sprites/master/sprites/pokemon/894.png
Regigigas,regigigas,normal,https://raw.githubusercontent.com/PokeAPI/sprites/master/sprites/pokemon/486.png
Regirock,regirock,rock,https://raw.githubusercontent.com/PokeAPI/sprites/master/sprites/pokemon/377.png
Registeel,registeel,steel,https://raw.githubusercontent.com/PokeAPI/sprites/master/sprites/pokemon/379.png
Relicanth,relicanth,"water,rock",https://raw.githubusercontent.com/PokeAPI/sprites/master/sprites/pokemon/369.png
Rellor,rellor,bug,https://raw.githubusercontent.com/PokeAPI/sprites/master/sprites/pokemon/953.png
Remoraid,remoraid,water,https://raw.githubusercontent.com/PokeAPI/sprites/master/sprites/pokemon/223.png
Reshiram,reshiram,"dragon,fire",https://raw.githubusercontent.com/PokeAPI/sprites/master/sprites/pokemon/643.png
Reuniclus,reuniclus,psychic,https://raw.githubusercontent.com/PokeAPI/sprites/master/sprites/pokemon/579.png
Revavroom,revavroom,"steel,poison",https://raw.githubusercontent.com/PokeAPI/sprites/master/sprites/pokemon/966.png
Rhydon,rhydon,"ground,rock",https://raw.githubusercontent.com/PokeAPI/sprites/master/sprites/pokemon/112.png
Rhyhorn,rhyhorn,"ground,rock",https://raw.githubusercontent.com/PokeAPI/sprites/master/sprites/pokemon/111.png
Rhyperior,rhyperior,"ground,rock",https://raw.githubusercontent.com/PokeAPI/sprites/master/sprites/pokemon/464.png
Ribombee,ribombee,"bug,fairy",https://raw.githubusercontent.com/PokeAPI/sprites/master/sprites/pokemon/743.png
Ribombee,ribombee-totem,"bug,fairy",https://raw.githubusercontent.com/PokeAPI/sprites/master/sprites/pokemon/10150.png
Rillaboom,rillaboom,grass,https://raw.githubusercontent.com/PokeAPI/sprites/master/sprites/pokemon/812.png
Rillaboom,rillaboom-gmax,grass,https://raw.githubusercontent.com/PokeAPI/sprites/master/sprites/pokemon/10209.png
Riolu,riolu,fighting,https://raw.githubusercontent.com/PokeAPI/sprites/master/sprites/pokemon/447.png
Roaring Moon,roaring-moon,"dragon,dark",https://raw.githubusercontent.com/PokeAPI/sprites/master/sprites/pokemon/1005.png
Rockruff,rockruff,rock,https://raw.githubusercontent.com/PokeAPI/sprites/master/sprites/pokemon/744.png
Rockruff,rockruff-own-tempo,rock,https://raw.githubusercontent.com/PokeAPI/sprites/master/sprites/pokemon/10151.png
Roggenrola,roggenrola,rock,https://raw.githubusercontent.com/PokeAPI/sprites/master/sprites/pokemon/524.png
Rolycoly,rolycoly,rock,https://raw.githubusercontent.com/PokeAPI/sprites/master/sprites/pokemon/837.png
Rookidee,rookidee,flying,https://raw.githubusercontent.com/PokeAPI/sprites/master/sprites/pokemon/821.png
Roselia,roselia,"grass,poison",https://raw.githubusercontent.com/PokeAPI/sprites/master/sprites/pokemon/315.png
Roserade,roserade,"grass,poison",https://raw.githubusercontent.com/PokeAPI/sprites/master/sprites/pokemon/407.png
Rotom,rotom,"electric,ghost",https://raw.githubusercontent.com/PokeAPI/sprites/master/sprites/pokemon/479.png
Rotom,rotom-fan,"electric,flying",https://raw.githubusercontent.com/PokeAPI/sprites/master/sprites/pokemon/10011.png
Rotom,rotom-frost,"electric,ice",https://raw.githubusercontent.com/PokeAPI/sprites/master/sprites/pokemon/10010.png
Rotom,rotom-heat,"electric,fire",https://raw.githubusercontent.com/PokeAPI/sprites/master/sprites/pokemon/10008.png
Rotom,rotom-mow,"electric,grass",https://raw.githubusercontent.com/PokeAPI/sprites/master/sprites/pokemon/10012.png
Rotom,rotom-wash,"electric,water",https://raw.githubusercontent.com/PokeAPI/sprites/master/sprites/pokemon/10009.png
Rowlet,rowlet,"grass,flying",https://raw.githubusercontent.com/PokeAPI/sprites/master/sprites/pokemon/722.png
Rufflet,rufflet,"normal,flying",https://raw.githubusercontent.com/PokeAPI/sprites/master/sprites/pokemon/627.png
Runerigus,runerigus,"ground,ghost",https://raw.githubusercontent.com/PokeAPI/sprites/master/sprites/pokemon/867.png
Sableye,sableye,"dark,ghost",https://raw.githubusercontent.com/PokeAPI/sprites/master/sprites/pokemon/302.png
Sableye,sableye-mega,"dark,ghost",https://raw.githubusercontent.com/PokeAPI/sprites/master/sprites/pokemon/10066.png
Salamence,salamence,"dragon,flying",https://raw.githubusercontent.com/PokeAPI/sprites/master/sprites/pokemon/373.png
Salamence,salamence-mega,"dragon,flying",https://raw.githubusercontent.com/PokeAPI/sprites/master/sprites/pokemon/10089.png
Salandit,salandit,"poison,fire",https://raw.githubusercontent.com/PokeAPI/sprites/master/sprites/pokemon/757.png
Salazzle,salazzle,"poison,fire",https://raw.githubusercontent.com/PokeAPI/sprites/master/sprites/pokemon/758.png
Salazzle,salazzle-totem,"poison,fire",https://raw.githubusercontent.com/PokeAPI/sprites/master/sprites/pokemon/10129.png
Samurott,samurott,water,https://raw.githubusercontent.com/PokeAPI/sprites/master/sprites/pokemon/503.png
Samurott,samurott-hisui,"water,dark",https://raw.githubusercontent.com/PokeAPI/sprites/master/sprites/pokemon/10236.png
Sandaconda,sandaconda,ground,https://raw.githubusercontent.com/PokeAPI/sprites/master/sprites/pokemon/844.png
Sandaconda,sandaconda-gmax,ground,https://raw.githubusercontent.com/PokeAPI/sprites/master/sprites/pokemon/10218.png
Sandile,sandile,"ground,dark",https://raw.githubusercontent.com/PokeAPI/sprites/master/sprites/pokemon/551.png
Sandshrew,sandshrew,ground,https://raw.githubusercontent.com/PokeAPI/sprites/master/sprites/pokemon/27.png
Sandshrew,sandshrew-alola,"ice,steel",https://raw.githubusercontent.com/PokeAPI/sprites/master/sprites/pokemon/10101.png
Sandslash,sandslash,ground,https://raw.githubusercontent.com/PokeAPI/sprites/master/sprites/pokemon/28.png
Sandslash,sandslash-alola,"ice,steel",https://raw.githubusercontent.com/PokeAPI/sprites/master/sprites/pokemon/10102.png
Sandy Shocks,sandy-shocks,"electric,ground",https://raw.githubusercontent.com/PokeAPI/sprites/master/sprites/pokemon/989.png
Sandygast,sandygast,"ghost,ground",https://raw.githubusercontent.com/PokeAPI/sprites/master/sprites/pokemon/769.png
Sawk,sawk,fighting,https://raw.githubusercontent.com/PokeAPI/sprites/master/sprites/pokemon/539.png
Sawsbuck,sawsbuck,"normal,grass",https://raw.githubusercontent.com/PokeAPI/sprites/master/sprites/pokemon/586.png
Scatterbug,scatterbug,bug,https://raw.githubusercontent.com/PokeAPI/sprites/master/sprites/pokemon/664.png
Sceptile,sceptile,grass,https://raw.githubusercontent.com/PokeAPI/sprites/master/sprites/pokemon/254.png
Sceptile,sceptile-mega,"grass,dragon",https://raw.githubusercontent.com/PokeAPI/sprites/master/sprites/pokemon/10065.png
Scizor,scizor,"bug,steel",https://raw.githubusercontent.com/PokeAPI/sprites/master/sprites/pokemon/212.png
Scizor,scizor-mega,"bug,steel",https://raw.githubusercontent.com/PokeAPI/sprites/master/sprites/pokemon/10046.png
Scolipede,scolipede,"bug,poison",https://raw.githubusercontent.com/PokeAPI/sprites/master/sprites/pokemon/545.png
Scolipede,scolipede-mega,"bug,poison",https://raw.githubusercontent.com/PokeAPI/sprites/master/sprites/pokemon/10288.png
Scorbunny,scorbunny,fire,https://raw.githubusercontent.com/PokeAPI/sprites/master/sprites/pokemon/813.png
Scovillain,scovillain,"grass,fire",https://raw.githubusercontent.com/PokeAPI/sprites/master/sprites/pokemon/952.png
Scovillain,scovillain-mega,"grass,fire",https://raw.githubusercontent.com/PokeAPI/sprites/master/sprites/pokemon/10320.png
Scrafty,scrafty,"dark,fighting",https://raw.githubusercontent.com/PokeAPI/sprites/master/sprites/pokemon/560.png
Scrafty,scrafty-mega,"dark,fighting",https://raw.githubusercontent.com/PokeAPI/sprites/master/sprites/pokemon/10289.png
Scraggy,scraggy,"dark,fighting",https://raw.githubusercontent.com/PokeAPI/sprites/master/sprites/pokemon/559.png
Scream Tail,scream-tail,"fairy,psychic",https://raw.githubusercontent.com/PokeAPI/sprites/master/sprites/pokemon/985.png
Scyther,scyther,"bug,flying",https://raw.githubusercontent.com/PokeAPI/sprites/master/sprites/pokemon/123.png
Seadra,seadra,water,https://raw.githubusercontent.com/PokeAPI/sprites/master/sprites/pokemon/117.png
Seaking,seaking,water,https://raw.githubusercontent.com/PokeAPI/sprites/master/sprites/pokemon/119.png
Sealeo,sealeo,"ice,water",https://raw.githubusercontent.com/PokeAPI/sprites/master/sprites/pokemon/364.png
Seedot,seedot,grass,https://raw.githubusercontent.com/PokeAPI/sprites/master/sprites/pokemon/273.png
Seel,seel,water,https://raw.githubusercontent.com/PokeAPI/sprites/master/sprites/pokemon/86.png
Seismitoad,seismitoad,"water,ground",https://raw.githubusercontent.com/PokeAPI/sprites/master/sprites/pokemon/537.png
Sentret,sentret,normal,https://raw.githubusercontent.com/PokeAPI/sprites/master/sprites/pokemon/161.png
Serperior,serperior,grass,https://raw.githubusercontent.com/PokeAPI/sprites/master/sprites/pokemon/497.png
Servine,servine,grass,https://raw.githubusercontent.com/PokeAPI/sprites/master/sprites/pokemon/496.png
Seviper,seviper,poison,https://raw.githubusercontent.com/PokeAPI/sprites/master/sprites/pokemon/336.png
Sewaddle,sewaddle,"bug,grass",https://raw.githubusercontent.com/PokeAPI/sprites/master/sprites/pokemon/540.png
Sharpedo,sharpedo,"water,dark",https://raw.githubusercontent.com/PokeAPI/sprites/master/sprites/pokemon/319.png
Sharpedo,sharpedo-mega,"water,dark",https://raw.githubusercontent.com/PokeAPI/sprites/master/sprites/pokemon/10070.png
Shaymin,shaymin-land,grass,https://raw.githubusercontent.com/PokeAPI/sprites/master/sprites/pokemon/492.png
Shaymin,shaymin-sky,"grass,flying",https://raw.githubusercontent.com/PokeAPI/sprites/master/sprites/pokemon/10006.png
Shedinja,shedinja,"bug,ghost",https://raw.githubusercontent.com/PokeAPI/sprites/master/sprites/pokemon/292.png
Shelgon,shelgon,dragon,https://raw.githubusercontent.com/PokeAPI/sprites/master/sprites/pokemon/372.png
Shellder,shellder,water,https://raw.githubusercontent.com/PokeAPI/sprites/master/sprites/pokemon/90.png
Shellos,shellos,water,https://raw.githubusercontent.com/PokeAPI/sprites/master/sprites/pokemon/422.png
Shelmet,shelmet,bug,https://raw.githubusercontent.com/PokeAPI/sprites/master/sprites/pokemon/616.png
Shieldon,shieldon,"rock,steel",https://raw.githubusercontent.com/PokeAPI/sprites/master/sprites/pokemon/410.png
Shiftry,shiftry,"grass,dark",https://raw.githubusercontent.com/PokeAPI/sprites/master/sprites/pokemon/275.png
Shiinotic,shiinotic,"grass,fairy",https://raw.githubusercontent.com/PokeAPI/sprites/master/sprites/pokemon/756.png
Shinx,shinx,electric,https://raw.githubusercontent.com/PokeAPI/sprites/master/sprites/pokemon/403.png
Shroodle,shroodle,"poison,normal",https://raw.githubusercontent.com/PokeAPI/sprites/master/sprites/pokemon/944.png
Shroomish,shroomish,grass,https://raw.githubusercontent.com/PokeAPI/sprites/master/sprites/pokemon/285.png
Shuckle,shuckle,"bug,rock",https://raw.githubusercontent.com/PokeAPI/sprites/master/sprites/pokemon/213.png
Shuppet,shuppet,ghost,https://raw.githubusercontent.com/PokeAPI/sprites/master/sprites/pokemon/353.png
Sigilyph,sigilyph,"psychic,flying",https://raw.githubusercontent.com/PokeAPI/sprites/master/sprites/pokemon/561.png
Silcoon,silcoon,bug,https://raw.githubusercontent.com/PokeAPI/sprites/master/sprites/pokemon/266.png
Silicobra,silicobra,ground,https://raw.githubusercontent.com/PokeAPI/sprites/master/sprites/pokemon/843.png
Silvally,silvally,normal,https://raw.githubusercontent.com/PokeAPI/sprites/master/sprites/pokemon/773.png
Simipour,simipour,water,https://raw.githubusercontent.com/PokeAPI/sprites/master/sprites/pokemon/516.png
Simisage,simisage,grass,https://raw.githubusercontent.com/PokeAPI/sprites/master/sprites/pokemon/512.png
Simisear,simisear,fire,https://raw.githubusercontent.com/PokeAPI/sprites/master/sprites/pokemon/514.png
Sinistcha,sinistcha,"grass,ghost",https://raw.githubusercontent.com/PokeAPI/sprites/master/sprites/pokemon/1013.png
Sinistea,sinistea,ghost,https://raw.githubusercontent.com/PokeAPI/sprites/master/sprites/pokemon/854.png
Sirfetch’d,sirfetchd,fighting,https://raw.githubusercontent.com/PokeAPI/sprites/master/sprites/pokemon/865.png
Sizzlipede,sizzlipede,"fire,bug",https://raw.githubusercontent.com/PokeAPI/sprites/master/sprites/pokemon/850.png
Skarmory,skarmory,"steel,flying",https://raw.githubusercontent.com/PokeAPI/sprites/master/sprites/pokemon/227.png
Skarmory,skarmory-mega,"steel,flying",https://raw.githubusercontent.com/PokeAPI/sprites/master/sprites/pokemon/10284.png
Skeledirge,skeledirge,"fire,ghost",https://raw.githubusercontent.com/PokeAPI/sprites/master/sprites/pokemon/911.png
Skiddo,skiddo,grass,https://raw.githubusercontent.com/PokeAPI/sprites/master/sprites/pokemon/672.png
Skiploom,skiploom,"grass,flying",https://raw.githubusercontent.com/PokeAPI/sprites/master/sprites/pokemon/188.png
Skitty,skitty,normal,https://raw.githubusercontent.com/PokeAPI/sprites/master/sprites/pokemon/300.png
Skorupi,skorupi,"poison,bug",https://raw.githubusercontent.com/PokeAPI/sprites/master/sprites/pokemon/451.png
Skrelp,skrelp,"poison,water",https://raw.githubusercontent.com/PokeAPI/sprites/master/sprites/pokemon/690.png
Skuntank,skuntank,"poison,dark",https://raw.githubusercontent.com/PokeAPI/sprites/master/sprites/pokemon/435.png
Skwovet,skwovet,normal,https://raw.githubusercontent.com/PokeAPI/sprites/master/sprites/pokemon/819.png
Slaking,slaking,normal,https://raw.githubusercontent.com/PokeAPI/sprites/master/sprites/pokemon/289.png
Slakoth,slakoth,normal,https://raw.githubusercontent.com/PokeAPI/sprites/master/sprites/pokemon/287.png
Sliggoo,sliggoo,dragon,https://raw.githubusercontent.com/PokeAPI/sprites/master/sprites/pokemon/705.png
Sliggoo,sliggoo-hisui,"steel,dragon",https://raw.githubusercontent.com/PokeAPI/sprites/master/sprites/pokemon/10241.png
Slither Wing,slither-wing,"bug,fighting",https://raw.githubusercontent.com/PokeAPI/sprites/master/sprites/pokemon/988.png
Slowbro,slowbro,"water,psychic",https://raw.githubusercontent.com/PokeAPI/sprites/master/sprites/pokemon/80.png
Slowbro,slowbro-galar,"poison,psychic",https://raw.githubusercontent.com/PokeAPI/sprites/master/sprites/pokemon/10165.png
Slowbro,slowbro-mega,"water,psychic",https://raw.githubusercontent.com/PokeAPI/sprites/master/sprites/pokemon/10071.png
Slowking,slowking,"water,psychic",https://raw.githubusercontent.com/PokeAPI/sprites/master/sprites/pokemon/199.png
Slowking,slowking-galar,"poison,psychic",https://raw.githubusercontent.com/PokeAPI/sprites/master/sprites/pokemon/10172.png
Slowpoke,slowpoke,"water,psychic",https://raw.githubusercontent.com/PokeAPI/sprites/master/sprites/pokemon/79.png
Slowpoke,slowpoke-galar,psychic,https://raw.githubusercontent.com/PokeAPI/sprites/master/sprites/pokemon/10164.png
Slugma,slugma,fire,https://raw.githubusercontent.com/PokeAPI/sprites/master/sprites/pokemon/218.png
Slurpuff,slurpuff,fairy,https://raw.githubusercontent.com/PokeAPI/sprites/master/sprites/pokemon/685.png
Smeargle,smeargle,normal,https://raw.githubusercontent.com/PokeAPI/sprites/master/sprites/pokemon/235.png
Smoliv,smoliv,"grass,normal",https://raw.githubusercontent.com/PokeAPI/sprites/master/sprites/pokemon/928.png
Smoochum,smoochum,"ice,psychic",https://raw.githubusercontent.com/PokeAPI/sprites/master/sprites/pokemon/238.png
Sneasel,sneasel,"dark,ice",https://raw.githubusercontent.com/PokeAPI/sprites/master/sprites/pokemon/215.png
Sneasel,sneasel-hisui,"fighting,poison",https://raw.githubusercontent.com/PokeAPI/sprites/master/sprites/pokemon/10235.png
Sneasler,sneasler,"fighting,poison",https://raw.githubusercontent.com/PokeAPI/sprites/master/sprites/pokemon/903.png
Snivy,snivy,grass,https://raw.githubusercontent.com/PokeAPI/sprites/master/sprites/pokemon/495.png
Snom,snom,"ice,bug",https://raw.githubusercontent.com/PokeAPI/sprites/master/sprites/pokemon/872.png
Snorlax,snorlax,normal,https://raw.githubusercontent.com/PokeAPI/sprites/master/sprites/pokemon/143.png
Snorlax,snorlax-gmax,normal,https://raw.githubusercontent.com/PokeAPI/sprites/master/sprites/pokemon/10206.png
Snorunt,snorunt,ice,https://raw.githubusercontent.com/PokeAPI/sprites/master/sprites/pokemon/361.png
Snover,snover,"grass,ice",https://raw.githubusercontent.com/PokeAPI/sprites/master/sprites/pokemon/459.png
Snubbull,snubbull,fairy,https://raw.githubusercontent.com/PokeAPI/sprites/master/sprites/pokemon/209.png
Sobble,sobble,water,https://raw.githubusercontent.com/PokeAPI/sprites/master/sprites/pokemon/816.png
Solgaleo,solgaleo,"psychic,steel",https://raw.githubusercontent.com/PokeAPI/sprites/master/sprites/pokemon/791.png
Solosis,solosis,psychic,https://raw.githubusercontent.com/PokeAPI/sprites/master/sprites/pokemon/577.png
Solrock,solrock,"rock,psychic",https://raw.githubusercontent.com/PokeAPI/sprites/master/sprites/pokemon/338.png
Spearow,spearow,"normal,flying",https://raw.githubusercontent.com/PokeAPI/sprites/master/sprites/pokemon/21.png
Spectrier,spectrier,ghost,https://raw.githubusercontent.com/PokeAPI/sprites/master/sprites/pokemon/897.png
Spewpa,spewpa,bug,https://raw.githubusercontent.com/PokeAPI/sprites/master/sprites/pokemon/665.png
Spheal,spheal,"ice,water",https://raw.githubusercontent.com/PokeAPI/sprites/master/sprites/pokemon/363.png
Spidops,spidops,bug,https://raw.githubusercontent.com/PokeAPI/sprites/master/sprites/pokemon/918.png
Spinarak,spinarak,"bug,poison",https://raw.githubusercontent.com/PokeAPI/sprites/master/sprites/pokemon/167.png
Spinda,spinda,normal,https://raw.githubusercontent.com/PokeAPI/sprites/master/sprites/pokemon/327.png
Spiritomb,spiritomb,"ghost,dark",https://raw.githubusercontent.com/PokeAPI/sprites/master/sprites/pokemon/442.png
Spoink,spoink,psychic,https://raw.githubusercontent.com/PokeAPI/sprites/master/sprites/pokemon/325.png
Sprigatito,sprigatito,grass,https://raw.githubusercontent.com/PokeAPI/sprites/master/sprites/pokemon/906.png
Spritzee,spritzee,fairy,https://raw.githubusercontent.com/PokeAPI/sprites/master/sprites/pokemon/682.png
Squawkabilly,squawkabilly-blue-plumage,"normal,flying",https://raw.githubusercontent.com/PokeAPI/sprites/master/sprites/pokemon/10260.png
Squawkabilly,squawkabilly-green-plumage,"normal,flying",https://raw.githubusercontent.com/PokeAPI/sprites/master/sprites/pokemon/931.png
Squawkabilly,squawkabilly-white-plumage,"normal,flying",https://raw.githubusercontent.com/PokeAPI/sprites/master/sprites/pokemon/10262.png
Squawkabilly,squawkabilly-yellow-plumage,"normal,flying",https://raw.githubusercontent.com/PokeAPI/sprites/master/sprites/pokemon/10261.png
Squirtle,squirtle,water,https://raw.githubusercontent.com/PokeAPI/sprites/master/sprites/pokemon/7.png
Stakataka,stakataka,"rock,steel",https://raw.githubusercontent.com/PokeAPI/sprites/master/sprites/pokemon/805.png
Stantler,stantler,normal,https://raw.githubusercontent.com/PokeAPI/sprites/master/sprites/pokemon/234.png
Staraptor,staraptor,"normal,flying",https://raw.githubusercontent.com/PokeAPI/sprites/master/sprites/pokemon/398.png
Staraptor,staraptor-mega,"fighting,flying",https://raw.githubusercontent.com/PokeAPI/sprites/master/sprites/pokemon/10308.png
Staravia,staravia,"normal,flying",https://raw.githubusercontent.com/PokeAPI/sprites/master/sprites/pokemon/397.png
Starly,starly,"normal,flying",https://raw.githubusercontent.com/PokeAPI/sprites/master/sprites/pokemon/396.png
Starmie,starmie,"water,psychic",https://raw.githubusercontent.com/PokeAPI/sprites/master/sprites/pokemon/121.png
Starmie,starmie-mega,"water,psychic",https://raw.githubusercontent.com/PokeAPI/sprites/master/sprites/pokemon/10280.png
Staryu,staryu,water,https://raw.githubusercontent.com/PokeAPI/sprites/master/sprites/pokemon/120.png
Steelix,steelix,"steel,ground",https://raw.githubusercontent.com/PokeAPI/sprites/master/sprites/pokemon/208.png
Steelix,steelix-mega,"steel,ground",https://raw.githubusercontent.com/PokeAPI/sprites/master/sprites/pokemon/10072.png
Steenee,steenee,grass,https://raw.githubusercontent.com/PokeAPI/sprites/master/sprites/pokemon/762.png
Stonjourner,stonjourner,rock,https://raw.githubusercontent.com/PokeAPI/sprites/master/sprites/pokemon/874.png
Stoutland,stoutland,normal,https://raw.githubusercontent.com/PokeAPI/sprites/master/sprites/pokemon/508.png
Stufful,stufful,"normal,fighting",https://raw.githubusercontent.com/PokeAPI/sprites/master/sprites/pokemon/759.png
Stunfisk,stunfisk,"ground,electric",https://raw.githubusercontent.com/PokeAPI/sprites/master/sprites/pokemon/618.png
Stunfisk,stunfisk-galar,"ground,steel",https://raw.githubusercontent.com/PokeAPI/sprites/master/sprites/pokemon/10180.png
Stunky,stunky,"poison,dark",https://raw.githubusercontent.com/PokeAPI/sprites/master/sprites/pokemon/434.png
Sudowoodo,sudowoodo,rock,https://raw.githubusercontent.com/PokeAPI/sprites/master/sprites/pokemon/185.png
Suicune,suicune,water,https://raw.githubusercontent.com/PokeAPI/sprites/master/sprites/pokemon/245.png
Sunflora,sunflora,grass,https://raw.githubusercontent.com/PokeAPI/sprites/master/sprites/pokemon/192.png
Sunkern,sunkern,grass,https://raw.githubusercontent.com/PokeAPI/sprites/master/sprites/pokemon/191.png
Surskit,surskit,"bug,water",https://raw.githubusercontent.com/PokeAPI/sprites/master/sprites/pokemon/283.png
Swablu,swablu,"normal,flying",https://raw.githubusercontent.com/PokeAPI/sprites/master/sprites/pokemon/333.png
Swadloon,swadloon,"bug,grass",https://raw.githubusercontent.com/PokeAPI/sprites/master/sprites/pokemon/541.png
Swalot,swalot,poison,https://raw.githubusercontent.com/PokeAPI/sprites/master/sprites/pokemon/317.png
Swampert,swampert,"water,ground",https://raw.githubusercontent.com/PokeAPI/sprites/master/sprites/pokemon/260.png
Swampert,swampert-mega,"water,ground",https://raw.githubusercontent.com/PokeAPI/sprites/master/sprites/pokemon/10064.png
Swanna,swanna,"water,flying",https://raw.githubusercontent.com/PokeAPI/sprites/master/sprites/pokemon/581.png
Swellow,swellow,"normal,flying",https://raw.githubusercontent.com/PokeAPI/sprites/master/sprites/pokemon/277.png
Swinub,swinub,"ice,ground",https://raw.githubusercontent.com/PokeAPI/sprites/master/sprites/pokemon/220.png
Swirlix,swirlix,fairy,https://raw.githubusercontent.com/PokeAPI/sprites/master/sprites/pokemon/684.png
Swoobat,swoobat,"psychic,flying",https://raw.githubusercontent.com/PokeAPI/sprites/master/sprites/pokemon/528.png
Sylveon,sylveon,fairy,https://raw.githubusercontent.com/PokeAPI/sprites/master/sprites/pokemon/700.png
Tadbulb,tadbulb,electric,https://raw.githubusercontent.com/PokeAPI/sprites/master/sprites/pokemon/938.png
Taillow,taillow,"normal,flying",https://raw.githubusercontent.com/PokeAPI/sprites/master/sprites/pokemon/276.png
Talonflame,talonflame,"fire,flying",https://raw.githubusercontent.com/PokeAPI/sprites/master/sprites/pokemon/663.png
Tandemaus,tandemaus,normal,https://raw.githubusercontent.com/PokeAPI/sprites/master/sprites/pokemon/924.png
Tangela,tangela,grass,https://raw.githubusercontent.com/PokeAPI/sprites/master/sprites/pokemon/114.png
Tangrowth,tangrowth,grass,https://raw.githubusercontent.com/PokeAPI/sprites/master/sprites/pokemon/465.png
Tapu Bulu,tapu-bulu,"grass,fairy",https://raw.githubusercontent.com/PokeAPI/sprites/master/sprites/pokemon/787.png
Tapu Fini,tapu-fini,"water,fairy",https://raw.githubusercontent.com/PokeAPI/sprites/master/sprites/pokemon/788.png
Tapu Koko,tapu-koko,"electric,fairy",https://raw.githubusercontent.com/PokeAPI/sprites/master/sprites/pokemon/785.png
Tapu Lele,tapu-lele,"psychic,fairy",https://raw.githubusercontent.com/PokeAPI/sprites/master/sprites/pokemon/786.png
Tarountula,tarountula,bug,https://raw.githubusercontent.com/PokeAPI/sprites/master/sprites/pokemon/917.png
Tatsugiri,tatsugiri-curly,"dragon,water",https://raw.githubusercontent.com/PokeAPI/sprites/master/sprites/pokemon/978.png
Tatsugiri,tatsugiri-curly-mega,"dragon,water",https://raw.githubusercontent.com/PokeAPI/sprites/master/sprites/pokemon/10322.png
Tatsugiri,tatsugiri-droopy,"dragon,water",https://raw.githubusercontent.com/PokeAPI/sprites/master/sprites/pokemon/10258.png
Tatsugiri,tatsugiri-droopy-mega,"dragon,water",https://raw.githubusercontent.com/PokeAPI/sprites/master/sprites/pokemon/10323.png
Tatsugiri,tatsugiri-stretchy,"dragon,water",https://raw.githubusercontent.com/PokeAPI/sprites/master/sprites/pokemon/10259.png
Tatsugiri,tatsugiri-stretchy-mega,"dragon,water",https://raw.githubusercontent.com/PokeAPI/sprites/master/sprites/pokemon/10324.png
Tauros,tauros,normal,https://raw.githubusercontent.com/PokeAPI/sprites/master/sprites/pokemon/128.png
Tauros,tauros-paldea-aqua-breed,"fighting,water",https://raw.githubusercontent.com/PokeAPI/sprites/master/sprites/pokemon/10252.png
Tauros,tauros-paldea-blaze-breed,"fighting,fire",https://raw.githubusercontent.com/PokeAPI/sprites/master/sprites/pokemon/10251.png
Tauros,tauros-paldea-combat-breed,fighting,https://raw.githubusercontent.com/PokeAPI/sprites/master/sprites/pokemon/10250.png
Teddiursa,teddiursa,normal,https://raw.githubusercontent.com/PokeAPI/sprites/master/sprites/pokemon/216.png
Tentacool,tentacool,"water,poison",https://raw.githubusercontent.com/PokeAPI/sprites/master/sprites/pokemon/72.png
Tentacruel,tentacruel,"water,poison",https://raw.githubusercontent.com/PokeAPI/sprites/master/sprites/pokemon/73.png
Tepig,tepig,fire,https://raw.githubusercontent.com/PokeAPI/sprites/master/sprites/pokemon/498.png
Terapagos,terapagos,normal,https://raw.githubusercontent.com/PokeAPI/sprites/master/sprites/pokemon/1024.png
Terapagos,terapagos-stellar,normal,https://raw.githubusercontent.com/PokeAPI/sprites/master/sprites/pokemon/10277.png
Terapagos,terapagos-terastal,normal,https://raw.githubusercontent.com/PokeAPI/sprites/master/sprites/pokemon/10276.png
Terrakion,terrakion,"rock,fighting",https://raw.githubusercontent.com/PokeAPI/sprites/master/sprites/pokemon/639.png
Thievul,thievul,dark,https://raw.githubusercontent.com/PokeAPI/sprites/master/sprites/pokemon/828.png
Throh,throh,fighting,https://raw.githubusercontent.com/PokeAPI/sprites/master/sprites/pokemon/538.png
Thundurus,thundurus-incarnate,"electric,flying",https://raw.githubusercontent.com/PokeAPI/sprites/master/sprites/pokemon/642.png
Thundurus,thundurus-therian,"electric,flying",https://raw.githubusercontent.com/PokeAPI/sprites/master/sprites/pokemon/10020.png
Thwackey,thwackey,grass,https://raw.githubusercontent.com/PokeAPI/sprites/master/sprites/pokemon/811.png
Timburr,timburr,fighting,https://raw.githubusercontent.com/PokeAPI/sprites/master/sprites/pokemon/532.png
Ting-Lu,ting-lu,"dark,ground",https://raw.githubusercontent.com/PokeAPI/sprites/master/sprites/pokemon/1003.png
Tinkatink,tinkatink,"fairy,steel",https://raw.githubusercontent.com/PokeAPI/sprites/master/sprites/pokemon/957.png
Tinkaton,tinkaton,"fairy,steel",https://raw.githubusercontent.com/PokeAPI/sprites/master/sprites/pokemon/959.png
Tinkatuff,tinkatuff,"fairy,steel",https://raw.githubusercontent.com/PokeAPI/sprites/master/sprites/pokemon/958.png
Tirtouga,tirtouga,"water,rock",https://raw.githubusercontent.com/PokeAPI/sprites/master/sprites/pokemon/564.png
Toedscool,toedscool,"ground,grass",https://raw.githubusercontent.com/PokeAPI/sprites/master/sprites/pokemon/948.png
Toedscruel,toedscruel,"ground,grass",https://raw.githubusercontent.com/PokeAPI/sprites/master/sprites/pokemon/949.png
Togedemaru,togedemaru,"electric,steel",https://raw.githubusercontent.com/PokeAPI/sprites/master/sprites/pokemon/777.png
Togedemaru,togedemaru-totem,"electric,steel",https://raw.githubusercontent.com/PokeAPI/sprites/master/sprites/pokemon/10154.png
Togekiss,togekiss,"fairy,flying",https://raw.githubusercontent.com/PokeAPI/sprites/master/sprites/pokemon/468.png
Togepi,togepi,fairy,https://raw.githubusercontent.com/PokeAPI/sprites/master/sprites/pokemon/175.png
Togetic,togetic,"fairy,flying",https://raw.githubusercontent.com/PokeAPI/sprites/master/sprites/pokemon/176.png
Torchic,torchic,fire,https://raw.githubusercontent.com/PokeAPI/sprites/master/sprites/pokemon/255.png
Torkoal,torkoal,fire,https://raw.githubusercontent.com/PokeAPI/sprites/master/sprites/pokemon/324.png
Tornadus,tornadus-incarnate,flying,https://raw.githubusercontent.com/PokeAPI/sprites/master/sprites/pokemon/641.png
Tornadus,tornadus-therian,flying,https://raw.githubusercontent.com/PokeAPI/sprites/master/sprites/pokemon/10019.png
Torracat,torracat,fire,https://raw.githubusercontent.com/PokeAPI/sprites/master/sprites/pokemon/726.png
Torterra,torterra,"grass,ground",https://raw.githubusercontent.com/PokeAPI/sprites/master/sprites/pokemon/389.png
Totodile,totodile,water,https://raw.githubusercontent.com/PokeAPI/sprites/master/sprites/pokemon/158.png
Toucannon,toucannon,"normal,flying",https://raw.githubusercontent.com/PokeAPI/sprites/master/sprites/pokemon/733.png
Toxapex,toxapex,"poison,water",https://raw.githubusercontent.com/PokeAPI/sprites/master/sprites/pokemon/748.png
Toxel,toxel,"electric,poison",https://raw.githubusercontent.com/PokeAPI/sprites/master/sprites/pokemon/848.png
Toxicroak,toxicroak,"poison,fighting",https://raw.githubusercontent.com/PokeAPI/sprites/master/sprites/pokemon/454.png
Toxtricity,toxtricity-amped,"electric,poison",https://raw.githubusercontent.com/PokeAPI/sprites/master/sprites/pokemon/849.png
Toxtricity,toxtricity-amped-gmax,"electric,poison",https://raw.githubusercontent.com/PokeAPI/sprites/master/sprites/pokemon/10219.png
Toxtricity,toxtricity-low-key,"electric,poison",https://raw.githubusercontent.com/PokeAPI/sprites/master/sprites/pokemon/10184.png
Toxtricity,toxtricity-low-key-gmax,"electric,poison",https://raw.githubusercontent.com/PokeAPI/sprites/master/sprites/pokemon/10228.png
Tranquill,tranquill,"normal,flying",https://raw.githubusercontent.com/PokeAPI/sprites/master/sprites/pokemon/520.png
Trapinch,trapinch,ground,https://raw.githubusercontent.com/PokeAPI/sprites/master/sprites/pokemon/328.png
Treecko,treecko,grass,https://raw.githubusercontent.com/PokeAPI/sprites/master/sprites/pokemon/252.png
Trevenant,trevenant,"ghost,grass",https://raw.githubusercontent.com/PokeAPI/sprites/master/sprites/pokemon/709.png
Tropius,tropius,"grass,flying",https://raw.githubusercontent.com/PokeAPI/sprites/master/sprites/pokemon/357.png
Trubbish,trubbish,poison,https://raw.githubusercontent.com/PokeAPI/sprites/master/sprites/pokemon/568.png
Trumbeak,trumbeak,"normal,flying",https://raw.githubusercontent.com/PokeAPI/sprites/master/sprites/pokemon/732.png
Tsareena,tsareena,grass,https://raw.githubusercontent.com/PokeAPI/sprites/master/sprites/pokemon/763.png
Turtonator,turtonator,"fire,dragon",https://raw.githubusercontent.com/PokeAPI/sprites/master/sprites/pokemon/776.png
Turtwig,turtwig,grass,https://raw.githubusercontent.com/PokeAPI/sprites/master/sprites/pokemon/387.png
Tympole,tympole,water,https://raw.githubusercontent.com/PokeAPI/sprites/master/sprites/pokemon/535.png
Tynamo,tynamo,electric,https://raw.githubusercontent.com/PokeAPI/sprites/master/sprites/pokemon/602.png
Type: Null,type-null,normal,https://raw.githubusercontent.com/PokeAPI/sprites/master/sprites/pokemon/772.png
Typhlosion,typhlosion,fire,https://raw.githubusercontent.com/PokeAPI/sprites/master/sprites/pokemon/157.png
Typhlosion,typhlosion-hisui,"fire,ghost",https://raw.githubusercontent.com/PokeAPI/sprites/master/sprites/pokemon/10233.png
Tyranitar,tyranitar,"rock,dark",https://raw.githubusercontent.com/PokeAPI/sprites/master/sprites/pokemon/248.png
Tyranitar,tyranitar-mega,"rock,dark",https://raw.githubusercontent.com/PokeAPI/sprites/master/sprites/pokemon/10049.png
Tyrantrum,tyrantrum,"rock,dragon",https://raw.githubusercontent.com/PokeAPI/sprites/master/sprites/pokemon/697.png
Tyrogue,tyrogue,fighting,https://raw.githubusercontent.com/PokeAPI/sprites/master/sprites/pokemon/236.png
Tyrunt,tyrunt,"rock,dragon",https://raw.githubusercontent.com/PokeAPI/sprites/master/sprites/pokemon/696.png
Umbreon,umbreon,dark,https://raw.githubusercontent.com/PokeAPI/sprites/master/sprites/pokemon/197.png
Unfezant,unfezant,"normal,flying",https://raw.githubusercontent.com/PokeAPI/sprites/master/sprites/pokemon/521.png
Unown,unown,psychic,https://raw.githubusercontent.com/PokeAPI/sprites/master/sprites/pokemon/201.png
Ursaluna,ursaluna,"ground,normal",https://raw.githubusercontent.com/PokeAPI/sprites/master/sprites/pokemon/901.png
Ursaluna,ursaluna-bloodmoon,"ground,normal",https://raw.githubusercontent.com/PokeAPI/sprites/master/sprites/pokemon/10272.png
Ursaring,ursaring,normal,https://raw.githubusercontent.com/PokeAPI/sprites/master/sprites/pokemon/217.png
Urshifu,urshifu-rapid-strike,"fighting,water",https://raw.githubusercontent.com/PokeAPI/sprites/master/sprites/pokemon/10191.png
Urshifu,urshifu-rapid-strike-gmax,"fighting,water",https://raw.githubusercontent.com/PokeAPI/sprites/master/sprites/pokemon/10227.png
Urshifu,urshifu-single-strike,"fighting,dark",https://raw.githubusercontent.com/PokeAPI/sprites/master/sprites/pokemon/892.png
Urshifu,urshifu-single-strike-gmax,"fighting,dark",https://raw.githubusercontent.com/PokeAPI/sprites/master/sprites/pokemon/10226.png
Uxie,uxie,psychic,https://raw.githubusercontent.com/PokeAPI/sprites/master/sprites/pokemon/480.png
Vanillish,vanillish,ice,https://raw.githubusercontent.com/PokeAPI/sprites/master/sprites/pokemon/583.png
Vanillite,vanillite,ice,https://raw.githubusercontent.com/PokeAPI/sprites/master/sprites/pokemon/582.png
Vanilluxe,vanilluxe,ice,https://raw.githubusercontent.com/PokeAPI/sprites/master/sprites/pokemon/584.png
Vaporeon,vaporeon,water,https://raw.githubusercontent.com/PokeAPI/sprites/master/sprites/pokemon/134.png
Varoom,varoom,"steel,poison",https://raw.githubusercontent.com/PokeAPI/sprites/master/sprites/pokemon/965.png
Veluza,veluza,"water,psychic",https://raw.githubusercontent.com/PokeAPI/sprites/master/sprites/pokemon/976.png
Venipede,venipede,"bug,poison",https://raw.githubusercontent.com/PokeAPI/sprites/master/sprites/pokemon/543.png
Venomoth,venomoth,"bug,poison",https://raw.githubusercontent.com/PokeAPI/sprites/master/sprites/pokemon/49.png
Venonat,venonat,"bug,poison",https://raw.githubusercontent.com/PokeAPI/sprites/master/sprites/pokemon/48.png
Venusaur,venusaur,"grass,poison",https://raw.githubusercontent.com/PokeAPI/sprites/master/sprites/pokemon/3.png
Venusaur,venusaur-gmax,"grass,poison",https://raw.githubusercontent.com/PokeAPI/sprites/master/sprites/pokemon/10195.png
Venusaur,venusaur-mega,"grass,poison",https://raw.githubusercontent.com/PokeAPI/sprites/master/sprites/pokemon/10033.png
Vespiquen,vespiquen,"bug,flying",https://raw.githubusercontent.com/PokeAPI/sprites/master/sprites/pokemon/416.png
Vibrava,vibrava,"ground,dragon",https://raw.githubusercontent.com/PokeAPI/sprites/master/sprites/pokemon/329.png
Victini,victini,"psychic,fire",https://raw.githubusercontent.com/PokeAPI/sprites/master/sprites/pokemon/494.png
Victreebel,victreebel,"grass,poison",https://raw.githubusercontent.com/PokeAPI/sprites/master/sprites/pokemon/71.png
Victreebel,victreebel-mega,"grass,poison",https://raw.githubusercontent.com/PokeAPI/sprites/master/sprites/pokemon/10279.png
Vigoroth,vigoroth,normal,https://raw.githubusercontent.com/PokeAPI/sprites/master/sprites/pokemon/288.png
Vikavolt,vikavolt,"bug,electric",https://raw.githubusercontent.com/PokeAPI/sprites/master/sprites/pokemon/738.png
Vikavolt,vikavolt-totem,"bug,electric",https://raw.githubusercontent.com/PokeAPI/sprites/master/sprites/pokemon/10122.png
Vileplume,vileplume,"grass,poison",https://raw.githubusercontent.com/PokeAPI/sprites/master/sprites/pokemon/45.png
Virizion,virizion,"grass,fighting",https://raw.githubusercontent.com/PokeAPI/sprites/master/sprites/pokemon/640.png
Vivillon,vivillon,"bug,flying",https://raw.githubusercontent.com/PokeAPI/sprites/master/sprites/pokemon/666.png
Volbeat,volbeat,bug,https://raw.githubusercontent.com/PokeAPI/sprites/master/sprites/pokemon/313.png
Volcanion,volcanion,"fire,water",https://raw.githubusercontent.com/PokeAPI/sprites/master/sprites/pokemon/721.png
Volcarona,volcarona,"bug,fire",https://raw.githubusercontent.com/PokeAPI/sprites/master/sprites/pokemon/637.png
Voltorb,voltorb,electric,https://raw.githubusercontent.com/PokeAPI/sprites/master/sprites/pokemon/100.png
Voltorb,voltorb-hisui,"electric,grass",https://raw.githubusercontent.com/PokeAPI/sprites/master/sprites/pokemon/10231.png
Vullaby,vullaby,"dark,flying",https://raw.githubusercontent.com/PokeAPI/sprites/master/sprites/pokemon/629.png
Vulpix,vulpix,fire,https://raw.githubusercontent.com/PokeAPI/sprites/master/sprites/pokemon/37.png
Vulpix,vulpix-alola,ice,https://raw.githubusercontent.com/PokeAPI/sprites/master/sprites/pokemon/10103.png
Wailmer,wailmer,water,https://raw.githubusercontent.com/PokeAPI/sprites/master/sprites/pokemon/320.png
Wailord,wailord,water,https://raw.githubusercontent.com/PokeAPI/sprites/master/sprites/pokemon/321.png
Walking Wake,walking-wake,"water,dragon",https://raw.githubusercontent.com/PokeAPI/sprites/master/sprites/pokemon/1009.png
Walrein,walrein,"ice,water",https://raw.githubusercontent.com/PokeAPI/sprites/master/sprites/pokemon/365.png
Wartortle,wartortle,water,https://raw.githubusercontent.com/PokeAPI/sprites/master/sprites/pokemon/8.png
Watchog,watchog,normal,https://raw.githubusercontent.com/PokeAPI/sprites/master/sprites/pokemon/505.png
Wattrel,wattrel,"electric,flying",https://raw.githubusercontent.com/PokeAPI/sprites/master/sprites/pokemon/940.png
Weavile,weavile,"dark,ice",https://raw.githubusercontent.com/PokeAPI/sprites/master/sprites/pokemon/461.png
Weedle,weedle,"bug,poison",https://raw.githubusercontent.com/PokeAPI/sprites/master/sprites/pokemon/13.png
Weepinbell,weepinbell,"grass,poison",https://raw.githubusercontent.com/PokeAPI/sprites/master/sprites/pokemon/70.png
Weezing,weezing,poison,https://raw.githubusercontent.com/PokeAPI/sprites/master/sprites/pokemon/110.png
Weezing,weezing-galar,"poison,fairy",https://raw.githubusercontent.com/PokeAPI/sprites/master/sprites/pokemon/10167.png
Whimsicott,whimsicott,"grass,fairy",https://raw.githubusercontent.com/PokeAPI/sprites/master/sprites/pokemon/547.png
Whirlipede,whirlipede,"bug,poison",https://raw.githubusercontent.com/PokeAPI/sprites/master/sprites/pokemon/544.png
Whiscash,whiscash,"water,ground",https://raw.githubusercontent.com/PokeAPI/sprites/master/sprites/pokemon/340.png
Whismur,whismur,normal,https://raw.githubusercontent.com/PokeAPI/sprites/master/sprites/pokemon/293.png
Wigglytuff,wigglytuff,"normal,fairy",https://raw.githubusercontent.com/PokeAPI/sprites/master/sprites/pokemon/40.png
Wiglett,wiglett,water,https://raw.githubusercontent.com/PokeAPI/sprites/master/sprites/pokemon/960.png
Wimpod,wimpod,"bug,water",https://raw.githubusercontent.com/PokeAPI/sprites/master/sprites/pokemon/767.png
Wingull,wingull,"water,flying",https://raw.githubusercontent.com/PokeAPI/sprites/master/sprites/pokemon/278.png
Wishiwashi,wishiwashi-school,water,https://raw.githubusercontent.com/PokeAPI/sprites/master/sprites/pokemon/10127.png
Wishiwashi,wishiwashi-solo,water,https://raw.githubusercontent.com/PokeAPI/sprites/master/sprites/pokemon/746.png
Wo-Chien,wo-chien,"dark,grass",https://raw.githubusercontent.com/PokeAPI/sprites/master/sprites/pokemon/1001.png
Wobbuffet,wobbuffet,psychic,https://raw.githubusercontent.com/PokeAPI/sprites/master/sprites/pokemon/202.png
Woobat,woobat,"psychic,flying",https://raw.githubusercontent.com/PokeAPI/sprites/master/sprites/pokemon/527.png
Wooloo,wooloo,normal,https://raw.githubusercontent.com/PokeAPI/sprites/master/sprites/pokemon/831.png
Wooper,wooper,"water,ground",https://raw.githubusercontent.com/PokeAPI/sprites/master/sprites/pokemon/194.png
Wooper,wooper-paldea,"poison,ground",https://raw.githubusercontent.com/PokeAPI/sprites/master/sprites/pokemon/10253.png
Wormadam,wormadam-plant,"bug,grass",https://raw.githubusercontent.com/PokeAPI/sprites/master/sprites/pokemon/413.png
Wormadam,wormadam-sandy,"bug,ground",https://raw.githubusercontent.com/PokeAPI/sprites/master/sprites/pokemon/10004.png
Wormadam,wormadam-trash,"bug,steel",https://raw.githubusercontent.com/PokeAPI/sprites/master/sprites/pokemon/10005.png
Wugtrio,wugtrio,water,https://raw.githubusercontent.com/PokeAPI/sprites/master/sprites/pokemon/961.png
Wurmple,wurmple,bug,https://raw.githubusercontent.com/PokeAPI/sprites/master/sprites/pokemon/265.png
Wynaut,wynaut,psychic,https://raw.githubusercontent.com/PokeAPI/sprites/master/sprites/pokemon/360.png
Wyrdeer,wyrdeer,"normal,psychic",https://raw.githubusercontent.com/PokeAPI/sprites/master/sprites/pokemon/899.png
Xatu,xatu,"psychic,flying",https://raw.githubusercontent.com/PokeAPI/sprites/master/sprites/pokemon/178.png
Xerneas,xerneas,fairy,https://raw.githubusercontent.com/PokeAPI/sprites/master/sprites/pokemon/716.png
Xurkitree,xurkitree,electric,https://raw.githubusercontent.com/PokeAPI/sprites/master/sprites/pokemon/796.png
Yamask,yamask,ghost,https://raw.githubusercontent.com/PokeAPI/sprites/master/sprites/pokemon/562.png
Yamask,yamask-galar,"ground,ghost",https://raw.githubusercontent.com/PokeAPI/sprites/master/sprites/pokemon/10179.png
Yamper,yamper,electric,https://raw.githubusercontent.com/PokeAPI/sprites/master/sprites/pokemon/835.png
Yanma,yanma,"bug,flying",https://raw.githubusercontent.com/PokeAPI/sprites/master/sprites/pokemon/193.png
Yanmega,yanmega,"bug,flying",https://raw.githubusercontent.com/PokeAPI/sprites/master/sprites/pokemon/469.png
Yungoos,yungoos,normal,https://raw.githubusercontent.com/PokeAPI/sprites/master/sprites/pokemon/734.png
Yveltal,yveltal,"dark,flying",https://raw.githubusercontent.com/PokeAPI/sprites/master/sprites/pokemon/717.png
Zacian,zacian,fairy,https://raw.githubusercontent.com/PokeAPI/sprites/master/sprites/pokemon/888.png
Zacian,zacian-crowned,"fairy,steel",https://raw.githubusercontent.com/PokeAPI/sprites/master/sprites/pokemon/10188.png
Zamazenta,zamazenta,fighting,https://raw.githubusercontent.com/PokeAPI/sprites/master/sprites/pokemon/889.png
Zamazenta,zamazenta-crowned,"fighting,steel",https://raw.githubusercontent.com/PokeAPI/sprites/master/sprites/pokemon/10189.png
Zangoose,zangoose,normal,https://raw.githubusercontent.com/PokeAPI/sprites/master/sprites/pokemon/335.png
Zapdos,zapdos,"electric,flying",https://raw.githubusercontent.com/PokeAPI/sprites/master/sprites/pokemon/145.png
Zapdos,zapdos-galar,"fighting,flying",https://raw.githubusercontent.com/PokeAPI/sprites/master/sprites/pokemon/10170.png
Zarude,zarude,"dark,grass",https://raw.githubusercontent.com/PokeAPI/sprites/master/sprites/pokemon/893.png
Zarude,zarude-dada,"dark,grass",https://raw.githubusercontent.com/PokeAPI/sprites/master/sprites/pokemon/10192.png
Zebstrika,zebstrika,electric,https://raw.githubusercontent.com/PokeAPI/sprites/master/sprites/pokemon/523.png
Zekrom,zekrom,"dragon,electric",https://raw.githubusercontent.com/PokeAPI/sprites/master/sprites/pokemon/644.png
Zeraora,zeraora,electric,https://raw.githubusercontent.com/PokeAPI/sprites/master/sprites/pokemon/807.png
Zeraora,zeraora-mega,electric,https://raw.githubusercontent.com/PokeAPI/sprites/master/sprites/pokemon/10319.png
Zigzagoon,zigzagoon,normal,https://raw.githubusercontent.com/PokeAPI/sprites/master/sprites/pokemon/263.png
Zigzagoon,zigzagoon-galar,"dark,normal",https://raw.githubusercontent.com/PokeAPI/sprites/master/sprites/pokemon/10174.png
Zoroark,zoroark,dark,https://raw.githubusercontent.com/PokeAPI/sprites/master/sprites/pokemon/571.png
Zoroark,zoroark-hisui,"normal,ghost",https://raw.githubusercontent.com/PokeAPI/sprites/master/sprites/pokemon/10239.png
Zorua,zorua,dark,https://raw.githubusercontent.com/PokeAPI/sprites/master/sprites/pokemon/570.png
Zorua,zorua-hisui,"normal,ghost",https://raw.githubusercontent.com/PokeAPI/sprites/master/sprites/pokemon/10238.png
Zubat,zubat,"poison,flying",https://raw.githubusercontent.com/PokeAPI/sprites/master/sprites/pokemon/41.png
Zweilous,zweilous,"dark,dragon",https://raw.githubusercontent.com/PokeAPI/sprites/master/sprites/pokemon/634.png
Zygarde,zygarde-10,"dragon,ground",https://raw.githubusercontent.com/PokeAPI/sprites/master/sprites/pokemon/10181.png
Zygarde,zygarde-10-power-construct,"dragon,ground",https://raw.githubusercontent.com/PokeAPI/sprites/master/sprites/pokemon/10118.png
Zygarde,zygarde-50,"dragon,ground",https://raw.githubusercontent.com/PokeAPI/sprites/master/sprites/pokemon/718.png
Zygarde,zygarde-50-power-construct,"dragon,ground",https://raw.githubusercontent.com/PokeAPI/sprites/master/sprites/pokemon/10119.png
Zygarde,zygarde-complete,"dragon,ground",https://raw.githubusercontent.com/PokeAPI/sprites/master/sprites/pokemon/10120.png
